benfica_match_id,date,season,competition,venue,opponent_key,opponent,home_team,away_team,round,home_goals,away_goals,result_home,sofascore_event_id,fotmob_match_id,football_data_row_id,benfica_goals,opponent_goals,result,possession,shots,shots_on_target,xg,opponent_possession,opponent_shots,opponent_shots_on_target,opponent_xg,xg_open_play,xg_set_play,xg_non_penalty,xgot,opponent_xg_open_play,opponent_xg_set_play,opponent_xg_non_penalty,opponent_xgot,shot_difference,shots_on_target_difference,xg_difference,shot_accuracy,opponent_shot_accuracy,xg_per_shot,opponent_xg_per_shot,points
SLB_20250816_A_ESTRELAAMADORA,2025-08-16,2025/26,Liga Portugal,Away,estrelaamadora,CF Estrela Amadora,CF Estrela Amadora,Benfica,2.0,0,1,A,14131876,4844178,11,1,0,W,57%,14,3,2.41,43%,15,2,1.41,1.5,0.12,1.62,1.78,0.5,0.91,1.41,0.39,-1,1,1.0000000000000002,0.21428571428571427,0.13333333333333333,0.17214285714285715,0.094,3
SLB_20250823_H_TONDELA,2025-08-23,2025/26,Liga Portugal,Home,tondela,Tondela,Benfica,Tondela,3.0,3,0,H,14131880,4844182,20,3,0,W,66%,21,12,2.96,34%,9,4,0.47,2.68,0.28,2.96,2.97,0.28,0.19,0.47,0.95,12,8,2.49,0.5714285714285714,0.4444444444444444,0.14095238095238094,0.05222222222222222,3
SLB_20250831_A_ALVERCA,2025-08-31,2025/26,Liga Portugal,Away,alverca,FC Alverca,FC Alverca,Benfica,4.0,1,2,A,14131888,4844190,31,2,1,W,53%,6,2,1.03,47%,11,7,0.81,1.03,0.01,1.03,1.26,0.52,0.28,0.81,2.13,-5,-5,0.21999999999999997,0.3333333333333333,0.6363636363636364,0.17166666666666666,0.07363636363636364,3
SLB_20250912_H_SANTACLARA,2025-09-12,2025/26,Liga Portugal,Home,santaclara,Santa Clara,Benfica,Santa Clara,5.0,1,1,D,14131901,4844203,36,1,1,D,78%,19,7,1.62,22%,9,5,1.02,0.87,0.75,1.62,1.79,0.98,0.04,1.02,0.93,10,2,0.6000000000000001,0.3684210526315789,0.5555555555555556,0.08526315789473685,0.11333333333333334,1
SLB_20250920_A_AVSFUTEBOLSAD,2025-09-20,2025/26,Liga Portugal,Away,avsfutebolsad,AVS - Futebol SAD,AVS - Futebol SAD,Benfica,6.0,0,3,A,14131904,4844206,47,3,0,W,63%,19,6,2.4,37%,8,1,0.88,1.47,0.14,1.61,2.29,0.84,0.04,0.88,0.1,11,5,1.52,0.3157894736842105,0.125,0.12631578947368421,0.11,3
SLB_20250923_H_RIOAVE,2025-09-23,2025/26,Liga Portugal,Home,rioave,Rio Ave,Benfica,Rio Ave,1.0,1,1,D,14131859,4844163,53,1,1,D,69%,19,7,2.57,31%,4,2,0.16,2.2,0.38,2.57,2.27,0.16,0.0,0.16,0.89,15,5,2.4099999999999997,0.3684210526315789,0.5,0.13526315789473684,0.04,1
SLB_20250926_H_GILVICENTE,2025-09-26,2025/26,Liga Portugal,Home,gilvicente,Gil Vicente,Benfica,Gil Vicente,7.0,2,1,H,14131920,4844221,54,2,1,W,47%,10,4,1.27,53%,16,7,1.26,0.39,0.1,0.49,1.17,0.87,0.39,1.26,1.59,-6,-3,0.010000000000000009,0.4,0.4375,0.127,0.07875,3
SLB_20251005_A_FCPORTO,2025-10-05,2025/26,Liga Portugal,Away,fcporto,FC Porto,FC Porto,Benfica,8.0,0,0,D,14131931,4844232,71,0,0,D,49%,4,1,0.12,51%,8,2,0.68,0.02,0.1,0.12,0.33,0.68,0.0,0.68,0.61,-4,-1,-0.56,0.25,0.25,0.03,0.085,1
SLB_20251025_H_AROUCA,2025-10-25,2025/26,Liga Portugal,Home,arouca,FC Arouca,Benfica,FC Arouca,9.0,5,0,H,14131939,4844240,74,5,0,W,53%,17,8,3.84,47%,5,0,0.44,1.05,0.42,1.48,4.55,0.44,0.0,0.44,0.0,12,8,3.4,0.47058823529411764,0.0,0.22588235294117645,0.088,3
SLB_20251101_A_VITORIAGUIMARAES,2025-11-01,2025/26,Liga Portugal,Away,vitoriaguimaraes,Vitória SC,Vitória SC,Benfica,10.0,0,3,A,14131949,4844250,85,3,0,W,66%,24,10,2.13,34%,10,3,0.43,1.62,0.5,2.13,2.52,0.2,0.23,0.43,0.07,14,7,1.7,0.4166666666666667,0.3,0.08875,0.043,3
SLB_20251109_H_CASAPIA,2025-11-09,2025/26,Liga Portugal,Home,casapia,Casa Pia,Benfica,Casa Pia,11.0,2,2,D,14131956,4844257,97,2,2,D,66%,19,6,2.22,34%,7,4,1.21,0.83,0.6,1.43,2.6,0.37,0.05,0.43,1.67,12,2,1.0100000000000002,0.3157894736842105,0.5714285714285714,0.1168421052631579,0.17285714285714285,1
SLB_20251129_A_NACIONAL,2025-11-29,2025/26,Liga Portugal,Away,nacional,CD Nacional,CD Nacional,Benfica,12.0,1,2,A,14131968,4844268,102,2,1,W,70%,30,8,2.4,30%,6,2,0.39,1.95,0.46,2.4,2.62,0.37,0.02,0.39,0.95,24,6,2.01,0.26666666666666666,0.3333333333333333,0.08,0.065,3
SLB_20251205_H_SPORTINGCP,2025-12-05,2025/26,Liga Portugal,Home,sportingcp,Sporting CP,Benfica,Sporting CP,13.0,1,1,D,14131973,4844273,108,1,1,D,41%,10,4,0.92,59%,5,2,0.58,0.82,0.1,0.92,1.54,0.58,0.0,0.58,0.62,5,2,0.3400000000000001,0.4,0.4,0.092,0.11599999999999999,1
SLB_20251214_A_MOREIRENSE,2025-12-14,2025/26,Liga Portugal,Away,moreirense,Moreirense,Moreirense,Benfica,14.0,0,4,A,14131986,4844285,121,4,0,W,47%,10,5,1.0,53%,10,2,0.51,0.9,0.1,1.0,2.09,0.25,0.26,0.51,0.16,0,3,0.49,0.5,0.2,0.1,0.051000000000000004,3
SLB_20251222_H_FAMALICAO,2025-12-22,2025/26,Liga Portugal,Home,famalicao,Famalicão,Benfica,Famalicão,15.0,1,0,H,14288840,4844291,133,1,0,W,55%,10,6,1.28,45%,4,2,0.21,0.43,0.06,0.49,1.98,0.21,0.0,0.21,0.43,6,4,1.07,0.6,0.5,0.128,0.0525,3
SLB_20251228_A_BRAGA,2025-12-28,2025/26,Liga Portugal,Away,braga,Sporting Braga,Sporting Braga,Benfica,16.0,2,2,D,14288915,4844304,139,2,2,D,51%,14,6,1.23,49%,11,3,1.7,0.83,0.4,1.23,2.19,0.5,0.41,0.91,2.24,3,3,-0.47,0.42857142857142855,0.2727272727272727,0.08785714285714286,0.15454545454545454,1
SLB_20260103_H_ESTORIL,2026-01-03,2025/26,Liga Portugal,Home,estoril,Estoril Praia,Benfica,Estoril Praia,17.0,3,1,H,14288921,4844309,145,3,1,W,51%,20,3,2.27,49%,9,4,0.71,1.01,0.47,1.48,1.88,0.66,0.05,0.71,1.69,11,-1,1.56,0.15,0.4444444444444444,0.1135,0.07888888888888888,3
SLB_20260117_A_RIOAVE,2026-01-17,2025/26,Liga Portugal,Away,rioave,Rio Ave,Rio Ave,Benfica,18.0,0,2,A,14288934,4844316,157,2,0,W,63%,24,8,1.78,37%,7,1,0.2,1.09,0.69,1.78,0.92,0.16,0.03,0.2,0.5,17,7,1.58,0.3333333333333333,0.14285714285714285,0.07416666666666667,0.028571428571428574,3
SLB_20260125_H_ESTRELAAMADORA,2026-01-25,2025/26,Liga Portugal,Home,estrelaamadora,CF Estrela Amadora,Benfica,CF Estrela Amadora,19.0,4,0,H,14288958,4844331,167,4,0,W,66%,15,8,2.53,34%,3,1,0.13,1.54,0.2,1.75,3.12,0.09,0.04,0.13,0.0,12,7,2.4,0.5333333333333333,0.3333333333333333,0.16866666666666666,0.043333333333333335,3
SLB_20260201_A_TONDELA,2026-02-01,2025/26,Liga Portugal,Away,tondela,Tondela,Tondela,Benfica,20.0,0,0,D,14288966,4844335,177,0,0,D,77%,24,8,2.1,23%,6,1,0.48,1.77,0.33,2.1,2.31,0.43,0.05,0.48,0.02,18,7,1.62,0.3333333333333333,0.16666666666666666,0.08750000000000001,0.08,1
SLB_20260208_H_ALVERCA,2026-02-08,2025/26,Liga Portugal,Home,alverca,FC Alverca,Benfica,FC Alverca,21.0,2,1,H,14288979,4844343,186,2,1,W,63%,29,10,1.97,37%,6,2,1.14,1.58,0.39,1.97,3.17,0.67,0.47,1.14,0.49,23,8,0.8300000000000001,0.3448275862068966,0.3333333333333333,0.06793103448275863,0.18999999999999997,3
SLB_20260213_A_SANTACLARA,2026-02-13,2025/26,Liga Portugal,Away,santaclara,Santa Clara,Santa Clara,Benfica,22.0,1,2,A,14288997,4844356,189,2,1,W,47%,10,3,1.19,53%,9,2,0.28,1.01,0.18,1.19,2.02,0.14,0.14,0.28,0.11,1,1,0.9099999999999999,0.3,0.2222222222222222,0.119,0.031111111111111114,3
SLB_20260221_H_AVSFUTEBOLSAD,2026-02-21,2025/26,Liga Portugal,Home,avsfutebolsad,AVS - Futebol SAD,Benfica,AVS - Futebol SAD,23.0,3,0,H,14289000,4844359,201,3,0,W,65%,22,9,3.69,35%,3,0,0.11,3.41,0.28,3.69,3.73,0.08,0.03,0.11,0.0,19,9,3.58,0.4090909090909091,0.0,0.16772727272727272,0.03666666666666667,3
SLB_20260302_A_GILVICENTE,2026-03-02,2025/26,Liga Portugal,Away,gilvicente,Gil Vicente,Gil Vicente,Benfica,24.0,1,2,A,14288810,4844374,215,2,1,W,51%,10,3,0.75,49%,13,5,0.88,0.68,0.07,0.75,0.84,0.28,0.6,0.88,1.26,-3,-2,-0.13,0.3,0.38461538461538464,0.075,0.06769230769230769,3
SLB_20260308_H_FCPORTO,2026-03-08,2025/26,Liga Portugal,Home,fcporto,FC Porto,Benfica,FC Porto,25.0,2,2,D,14288822,4844385,222,2,2,D,60%,20,6,1.23,40%,14,6,2.12,1.06,0.17,1.23,1.79,2.04,0.09,2.12,2.25,6,0,-0.8900000000000001,0.3,0.42857142857142855,0.0615,0.15142857142857144,1
SLB_20260314_A_AROUCA,2026-03-14,2025/26,Liga Portugal,Away,arouca,FC Arouca,FC Arouca,Benfica,26.0,1,2,A,14288830,4844393,227,2,1,W,61%,22,5,2.1,39%,12,6,2.4,0.94,1.16,2.1,1.38,1.61,0.0,1.61,3.0,10,-1,-0.2999999999999998,0.22727272727272727,0.5,0.09545454545454546,0.19999999999999998,3
SLB_20260321_H_VITORIAGUIMARAES,2026-03-21,2025/26,Liga Portugal,Home,vitoriaguimaraes,Vitória SC,Benfica,Vitória SC,27.0,3,0,H,14288841,4844403,235,3,0,W,49%,12,4,2.34,51%,16,2,0.75,2.28,0.06,2.34,0.9,0.61,0.14,0.75,0.14,-4,2,1.5899999999999999,0.3333333333333333,0.125,0.19499999999999998,0.046875,3
SLB_20260406_A_CASAPIA,2026-04-06,2025/26,Liga Portugal,Away,casapia,Casa Pia,Casa Pia,Benfica,28.0,1,1,D,14288848,4844410,249,1,1,D,79%,18,3,1.93,21%,8,2,0.29,1.51,0.43,1.93,1.37,0.13,0.16,0.29,0.62,10,1,1.64,0.16666666666666666,0.25,0.10722222222222222,0.03625,1
SLB_20260412_H_NACIONAL,2026-04-12,2025/26,Liga Portugal,Home,nacional,CD Nacional,Benfica,CD Nacional,29.0,2,0,H,14288859,4844421,255,2,0,W,58%,24,8,3.43,42%,7,4,0.25,1.9,0.74,2.64,2.91,0.15,0.1,0.25,0.64,17,4,3.18,0.3333333333333333,0.5714285714285714,0.14291666666666666,0.03571428571428571,3
SLB_20260419_A_SPORTINGCP,2026-04-19,2025/26,Liga Portugal,Away,sportingcp,Sporting CP,Sporting CP,Benfica,30.0,1,2,A,14288865,4844426,264,2,1,W,39%,14,5,2.27,61%,19,6,1.63,1.17,0.32,1.49,2.36,0.72,0.12,0.84,1.82,-5,-1,0.6400000000000001,0.35714285714285715,0.3157894736842105,0.16214285714285714,0.08578947368421053,3
SLB_20260425_H_MOREIRENSE,2026-04-25,2025/26,Liga Portugal,Home,moreirense,Moreirense,Benfica,Moreirense,31.0,4,1,H,14288877,4844438,271,4,1,W,58%,17,8,1.99,42%,8,4,0.89,1.58,0.42,1.99,3.86,0.38,0.52,0.89,1.35,9,4,1.1,0.47058823529411764,0.5,0.11705882352941177,0.11125,3
SLB_20260502_A_FAMALICAO,2026-05-02,2025/26,Liga Portugal,Away,famalicao,Famalicão,Famalicão,Benfica,32.0,2,2,D,14288883,4844444,282,2,2,D,43%,8,3,1.29,57%,15,5,1.58,0.37,0.13,0.5,0.8,0.83,0.75,1.58,1.22,-7,-2,-0.29000000000000004,0.375,0.3333333333333333,0.16125,0.10533333333333333,1
SLB_20260511_H_BRAGA,2026-05-11,2025/26,Liga Portugal,Home,braga,Sporting Braga,Benfica,Sporting Braga,33.0,2,2,D,14288898,4844457,290,2,2,D,52%,24,8,2.91,48%,5,2,0.2,1.09,1.03,2.12,2.84,0.2,0.0,0.2,0.85,19,6,2.71,0.3333333333333333,0.4,0.12125000000000001,0.04,1
SLB_20260516_A_ESTORIL,2026-05-16,2025/26,Liga Portugal,Away,estoril,Estoril Praia,Estoril Praia,Benfica,34.0,1,3,A,14336198,4844462,303,3,1,W,52%,19,8,4.15,48%,16,6,1.52,2.7,1.45,4.15,2.16,1.5,0.02,1.52,0.88,3,2,2.6300000000000003,0.42105263157894735,0.375,0.21842105263157896,0.095,3
