player,nation,pos,age,standard__mp,standard__starts,standard__min,standard__x90s,standard__gls_9,standard__ast_10,standard__g_a_11,standard__g_pk_12,standard__pk,standard__p_katt,standard__crd_y,standard__crd_r,standard__gls_17,standard__ast_18,standard__g_a_19,standard__g_pk_20,standard__g_a_pk,player_id,playing_time__mp,playing_time__min,playing_time__mn_mp,playing_time__min_percent,playing_time__x90s,playing_time__starts,playing_time__mn_start,playing_time__compl,playing_time__subs,playing_time__mn_sub,playing_time__un_sub,playing_time__ppm,playing_time__on_g,playing_time__on_ga,playing_time__x,playing_time__x90,playing_time__on_off,miscellaneous__x90s,miscellaneous__crd_y,miscellaneous__crd_r,miscellaneous__x2crd_y,miscellaneous__fls,miscellaneous__fld,miscellaneous__off,miscellaneous__crs,miscellaneous__int,miscellaneous__tkl_w,miscellaneous__p_kwon,miscellaneous__p_kcon,miscellaneous__og
Anatolii Trubin,ua UKR,GK,23,42,42,3780,42,1,0,1,1,0,0,2,0,0.02,0,0.02,0.02,0.02,41f0b196,42,3780,90,95.5,42,42,90,42,0,NA,2,2.08,80,39,41,0.98,-1.02,42,2,0,0,0,10,0,0,0,0,NA,NA,0
Samuel Dahl,se SWE,DF,22,42,41,3648,40.5,2,1,3,2,0,0,5,0,0.05,0.02,0.07,0.05,0.07,bbe7d20b,42,3648,87,92.1,40.5,41,88,36,1,23,2,2.14,79,36,43,1.06,0.48,40.5,5,0,0,30,33,3,73,31,74,NA,NA,0
Nicolás Otamendi,ar ARG,DF,37,40,40,3503,38.9,2,0,2,2,0,0,10,1,0.05,0,0.05,0.05,0.05,0d267745,40,3503,88,88.5,38.9,40,88,37,0,NA,1,2.14,75,33,42,1.08,0.49,38.9,10,1,0,34,50,0,8,59,40,NA,NA,0
Vangelis Pavlidis,gr GRE,FW,26,43,39,3468,38.5,24,6,30,13,11,13,3,0,0.62,0.16,0.78,0.34,0.49,d578db11,43,3468,81,87.6,38.5,39,87,21,4,21,1,2.15,72,34,38,0.99,-0.29,38.5,3,0,0,20,50,20,13,3,14,NA,NA,0
Fredrik Aursnes,no NOR,MF,29,38,36,3151,35,3,5,8,3,0,0,3,0,0.09,0.14,0.23,0.09,0.23,f0677ed7,38,3151,83,79.6,35,36,87,27,2,14,0,2.1,66,31,35,1,-0.11,35,3,0,0,31,18,5,120,40,40,NA,NA,0
Richard Ríos,co COL,MF,25,35,33,2897,32.2,6,5,11,6,0,0,11,0,0.19,0.16,0.34,0.19,0.34,72da065d,35,2897,83,73.2,32.2,33,87,22,2,20,0,2.1,64,24,40,1.24,0.82,32.2,11,0,0,57,80,1,24,30,34,NA,NA,1
Amar Dedić,ba BIH,DF,22,34,30,2705,30.1,1,4,5,1,0,0,6,2,0.03,0.13,0.17,0.03,0.17,bc6e544a,34,2705,80,68.3,30.1,30,87,25,4,24,2,2.04,52,30,22,0.73,-0.92,30.1,6,2,1,29,27,1,44,26,36,NA,NA,0
Leandro Barreiro Martins,lu LUX,MF,25,40,25,2384,26.5,5,5,10,5,0,0,2,0,0.19,0.19,0.38,0.19,0.38,00242b75,40,2384,60,60.2,26.5,25,84,12,15,19,2,2.15,49,27,22,0.83,-0.48,26.5,2,0,0,45,64,6,6,24,27,NA,NA,0
Enzo Barrenechea,ar ARG,MF,24,35,27,2370,26.3,2,0,2,2,0,0,8,0,0.08,0,0.08,0.08,0.08,6caffe81,35,2370,68,59.8,26.3,27,83,17,8,16,5,2.09,46,22,24,0.91,-0.28,26.3,8,0,0,39,43,0,3,47,36,NA,NA,0
Tomás Araújo,pt POR,DF,23,32,26,2342,26,1,2,3,1,0,0,4,0,0.04,0.08,0.12,0.04,0.12,0fa11d7d,32,2342,73,59.1,26,26,86,23,6,16,7,2.06,52,26,26,1,-0.06,26,4,0,0,10,2,0,8,40,29,NA,NA,1
António Silva,pt POR,DF,21,31,24,2220,24.7,1,1,2,1,0,0,6,0,0.04,0.04,0.08,0.04,0.08,8f0435c7,31,2220,72,56.1,24.7,24,89,22,7,14,11,2.14,43,24,19,0.77,-0.57,24.7,6,0,0,25,21,0,5,33,23,NA,NA,0
Andreas Schjelderup,no NOR,MF,21,35,25,2142,23.8,9,5,14,7,2,2,2,0,0.38,0.21,0.59,0.29,0.5,a427724f,35,2142,61,54.1,23.8,25,76,3,10,25,9,2.24,51,22,29,1.22,0.43,23.8,2,0,0,31,41,4,86,3,18,NA,NA,0
Heorhiy Sudakov,ua UKR,MFFW,22,31,25,2057,22.9,4,2,6,4,0,0,3,0,0.18,0.09,0.26,0.18,0.26,a793f5a8,31,2057,66,51.9,22.9,25,78,3,6,17,8,1.9,42,21,21,0.92,-0.22,22.9,3,0,0,19,49,1,151,10,12,NA,NA,0
Gianluca Prestianni,ar ARG,MF,19,34,20,1824,20.3,3,5,8,3,0,0,9,1,0.15,0.25,0.39,0.15,0.39,d203fb17,34,1824,54,46.1,20.3,20,74,1,14,25,4,2.22,41,21,20,0.99,-0.07,20.3,9,1,0,21,44,3,83,9,17,NA,NA,0
Rafa Silva,pt POR,MF,32,18,13,1080,12,6,0,6,6,0,0,0,0,0.5,0,0.5,0.5,0.5,70cf63ca,18,1080,60,27.3,12,13,77,3,5,16,0,2.12,23,12,11,0.92,-0.15,12,0,0,0,4,29,4,5,1,11,NA,NA,0
Franjo Ivanović,hr CRO,FW,21,32,10,1043,11.6,6,1,7,5,1,1,1,0,0.52,0.09,0.6,0.43,0.52,7e3ea311,32,1043,33,26.3,11.6,10,73,0,22,14,11,2.1,24,8,16,1.38,0.49,11.6,1,0,0,25,32,7,17,5,7,NA,NA,0
Dodi Lukebakio,be BEL,MFFW,27,21,11,1013,11.3,0,3,3,0,0,0,3,0,0,0.27,0.27,0,0.27,0c61c77c,21,1013,48,25.6,11.3,11,76,2,10,18,3,1.85,19,12,7,0.62,-0.54,11.3,3,0,0,13,15,3,86,6,8,NA,NA,0
Alexander Bah,dk DEN,DFMF,27,9,6,472,5.2,2,0,2,2,0,0,2,0,0.38,0,0.38,0.38,0.38,78f21137,9,472,52,11.9,5.2,6,73,1,3,12,5,2.33,14,4,10,1.91,0.55,5.2,2,0,0,9,9,0,8,7,5,NA,NA,0
Sidny Lopes Cabral,cv CPV,DFMF,22,10,3,372,4.1,1,2,3,1,0,0,1,0,0.24,0.48,0.73,0.24,0.73,20700569,10,372,37,9.4,4.1,3,84,2,7,17,3,2.2,9,1,8,1.94,1.01,4.1,1,0,0,7,10,0,57,1,5,NA,NA,0
Samuel Soares,pt POR,GK,23,2,2,180,2,0,0,0,0,0,0,1,0,0,0,0,0,0,244ff834,2,180,90,4.5,2,2,90,2,0,NA,30,3,5,1,4,2,0.59,2,1,0,0,0,0,0,0,0,0,NA,NA,0
Daniel Banjaqui,pt POR,DF,17,2,2,152,1.7,0,0,0,0,0,0,0,0,0,0,0,0,0,02546e9e,2,152,76,3.8,1.7,2,76,1,0,NA,5,2,4,0,4,2.37,0.98,1.7,0,0,0,2,2,0,6,1,3,NA,NA,0
Manuel Manu,pt POR,MF,24,10,1,127,1.4,0,0,0,0,0,0,0,0,0,0,0,0,0,4c2a65a8,10,127,13,3.2,1.4,1,90,1,9,4,14,2.8,4,2,2,1.42,0.41,1.4,0,0,0,8,0,0,0,3,1,NA,NA,0
Rodrigo Rego,pt POR,FW,20,4,1,113,1.3,0,0,0,0,0,0,0,0,0,0,0,0,0,4a04b70b,4,113,28,2.9,1.3,1,57,0,3,19,4,3,3,0,3,2.39,1.41,1.3,0,0,0,5,2,0,7,0,2,NA,NA,0
José Neto,pt POR,DF,17,3,1,96,1.1,0,0,0,0,0,0,0,0,0,0,0,0,0,ef553796,3,96,32,2.4,1.1,1,90,1,2,3,6,3,3,0,3,2.81,1.83,1.1,0,0,0,1,3,1,1,1,1,NA,NA,0
João Rêgo,pt POR,MF,20,10,0,83,0.9,1,0,1,1,0,0,0,0,1.08,0,1.08,1.08,1.08,24c4694a,10,83,8,2.1,0.9,0,NA,0,10,8,11,2.3,3,1,2,2.17,1.17,0.9,0,0,0,3,5,2,2,0,2,NA,NA,0
Rafel Obrador,es ESP,DF,21,1,1,67,0.7,0,0,0,0,0,0,0,0,0,0,0,0,0,949c3655,1,67,67,1.7,0.7,1,67,0,0,NA,15,3,2,0,2,2.69,1.27,0.7,0,0,0,1,0,0,8,2,0,NA,NA,0
Anísio Cabral,pt POR,FW,17,6,0,49,0.5,2,0,2,2,0,0,0,0,3.67,0,3.67,3.67,3.67,04d9d513,6,49,8,1.2,0.5,0,NA,0,6,8,8,2.33,3,0,3,5.51,4.14,0.5,0,0,0,1,2,0,1,0,0,NA,NA,0
Florentino Luís,pt POR,MF,25,3,0,38,0.4,0,0,0,0,0,0,0,0,0,0,0,0,0,881cd6be,3,38,13,1.2,0.4,0,NA,0,3,13,0,3,1,1,0,0,-1.46,0.4,0,0,0,2,0,0,0,1,1,NA,NA,0
Henrique Araújo,pt POR,FW,23,7,0,36,0.4,0,0,0,0,0,0,0,0,0,0,0,0,0,353eb529,7,36,5,0.9,0.4,0,NA,0,7,5,9,1.71,0,2,-2,-5,-6.08,0.4,0,0,0,1,1,0,0,0,0,NA,NA,0
Diogo Prioste,pt POR,MF,21,2,0,24,0.3,0,0,0,0,0,0,0,0,0,0,0,0,0,840ceefa,2,24,12,0.6,0.3,0,NA,0,2,12,8,3,1,0,1,3.75,2.33,0.3,0,0,0,0,1,0,0,0,0,NA,NA,0
Kerem Aktürkoğlu,tr TUR,FWMF,26,1,0,24,0.3,0,0,0,0,0,0,0,0,0,0,0,0,0,f28659fb,1,24,24,0.8,0.3,0,NA,0,1,24,1,3,1,0,1,3.75,2.33,0.3,0,0,0,0,1,0,3,0,0,NA,NA,0
Bruma,pt POR,FWMF,30,3,0,22,0.2,0,0,0,0,0,0,0,0,0,0,0,0,0,5caa62a7,3,22,7,0.6,0.2,0,NA,0,3,7,7,2.33,1,1,0,0,-1.45,0.2,0,0,0,1,0,1,2,0,0,NA,NA,0
Ivan Lima,pt POR,FW,20,1,0,14,0.2,0,0,0,0,0,0,0,0,0,0,0,0,0,8d429bba,1,14,14,0.4,0.2,0,NA,0,1,14,2,3,1,0,1,6.43,5.01,0.2,0,0,0,0,0,0,2,0,0,NA,NA,0
João Veloso,pt POR,MF,20,2,0,2,0,0,0,0,0,0,0,0,0,0,0,0,0,0,351a04b5,2,2,1,0.1,0,0,NA,0,2,1,10,3,0,0,0,0,-1.44,0,0,0,0,0,0,0,0,0,0,NA,NA,0
Gonçalo Moreira,pt POR,FW,19,1,0,1,0,0,0,0,0,0,0,0,0,0,0,0,0,0,70c9e842,1,1,1,0,0,0,NA,0,1,1,1,3,0,0,0,0,-1.44,0,0,0,0,0,0,0,0,0,0,NA,NA,0
Tiago Freitas,pt POR,MF,18,1,0,1,0,0,0,0,0,0,0,0,0,0,0,0,0,0,f115bad3,1,1,1,0,0,0,NA,0,1,1,2,3,0,0,0,0,0.4,0,0,0,0,0,0,0,0,0,0,NA,NA,0
Tiago Gouveia,pt POR,MF,24,1,0,1,0,0,0,0,0,0,0,0,0,0,0,0,0,0,68cf59f0,1,1,1,0,0,0,NA,0,1,1,1,3,0,0,0,0,-1.44,0,0,0,0,0,0,0,0,0,0,NA,NA,0
Arnas Voitinovičius,lt LTU,GK,18,0,0,NA,NA,NA,NA,NA,NA,NA,NA,NA,NA,NA,NA,NA,NA,NA,0ab7cfdf,0,NA,NA,NA,NA,0,NA,0,0,NA,1,NA,NA,NA,NA,NA,NA,NA,NA,NA,NA,NA,NA,NA,NA,NA,NA,NA,NA,NA
Diogo Ferreira,pt POR,GK,18,0,0,NA,NA,NA,NA,NA,NA,NA,NA,NA,NA,NA,NA,NA,NA,NA,d5ec6895,0,NA,NA,NA,NA,0,NA,0,0,NA,13,NA,NA,NA,NA,NA,NA,NA,NA,NA,NA,NA,NA,NA,NA,NA,NA,NA,NA,NA
Gonçalo Oliveira,pt POR,DF,19,0,0,NA,NA,NA,NA,NA,NA,NA,NA,NA,NA,NA,NA,NA,NA,NA,9fdd416e,0,NA,NA,NA,NA,0,NA,0,0,NA,13,NA,NA,NA,NA,NA,NA,NA,NA,NA,NA,NA,NA,NA,NA,NA,NA,NA,NA,NA
Joshua Wynder,us USA,DF,20,0,0,NA,NA,NA,NA,NA,NA,NA,NA,NA,NA,NA,NA,NA,NA,NA,48f46d3e,0,NA,NA,NA,NA,0,NA,0,0,NA,6,NA,NA,NA,NA,NA,NA,NA,NA,NA,NA,NA,NA,NA,NA,NA,NA,NA,NA,NA
Kevin Philip Anjos Pinto,pt POR,DF,18,0,0,NA,NA,NA,NA,NA,NA,NA,NA,NA,NA,NA,NA,NA,NA,NA,688f6322,0,NA,NA,NA,NA,0,NA,0,0,NA,1,NA,NA,NA,NA,NA,NA,NA,NA,NA,NA,NA,NA,NA,NA,NA,NA,NA,NA,NA
Leandro Santos,pt POR,DF,19,0,0,NA,NA,NA,NA,NA,NA,NA,NA,NA,NA,NA,NA,NA,NA,NA,6ef8177e,0,NA,NA,NA,NA,0,NA,0,0,NA,3,NA,NA,NA,NA,NA,NA,NA,NA,NA,NA,NA,NA,NA,NA,NA,NA,NA,NA,NA
Miguel Figueiredo,pt POR,MF,16,0,0,NA,NA,NA,NA,NA,NA,NA,NA,NA,NA,NA,NA,NA,NA,NA,5db829a3,0,NA,NA,NA,NA,0,NA,0,0,NA,1,NA,NA,NA,NA,NA,NA,NA,NA,NA,NA,NA,NA,NA,NA,NA,NA,NA,NA,NA
