benfica_match_id,match_id,date,round,home_team,away_team,venue,opponent,benfica__top_stats__ball_possession,opponent__top_stats__ball_possession,benfica__top_stats__expected_goals_xg,opponent__top_stats__expected_goals_xg,benfica__top_stats__total_shots,opponent__top_stats__total_shots,benfica__top_stats__shots_on_target,opponent__top_stats__shots_on_target,benfica__top_stats__touches_in_opposition_box,opponent__top_stats__touches_in_opposition_box,benfica__top_stats__big_chances,opponent__top_stats__big_chances,benfica__top_stats__big_chances_missed,opponent__top_stats__big_chances_missed,benfica__top_stats__accurate_passes,opponent__top_stats__accurate_passes,benfica__top_stats__yellow_cards,opponent__top_stats__yellow_cards,benfica__top_stats__corners,opponent__top_stats__corners,benfica__shots__shots,opponent__shots__shots,benfica__shots__total_shots,opponent__shots__total_shots,benfica__shots__shots_off_target,opponent__shots__shots_off_target,benfica__shots__shots_on_target,opponent__shots__shots_on_target,benfica__shots__blocked_shots,opponent__shots__blocked_shots,benfica__shots__hit_woodwork,opponent__shots__hit_woodwork,benfica__shots__shots_inside_box,opponent__shots__shots_inside_box,benfica__shots__shots_outside_box,opponent__shots__shots_outside_box,benfica__expected_goals_xg__expected_goals_xg,opponent__expected_goals_xg__expected_goals_xg,benfica__expected_goals_xg__xg_open_play,opponent__expected_goals_xg__xg_open_play,benfica__expected_goals_xg__xg_set_play,opponent__expected_goals_xg__xg_set_play,benfica__expected_goals_xg__xg_non_penalty,opponent__expected_goals_xg__xg_non_penalty,benfica__expected_goals_xg__xg_on_target_xgot,opponent__expected_goals_xg__xg_on_target_xgot,benfica__passes__passes,opponent__passes__passes,benfica__passes__accurate_passes,opponent__passes__accurate_passes,benfica__passes__own_half,opponent__passes__own_half,benfica__passes__opposition_half,opponent__passes__opposition_half,benfica__passes__accurate_long_balls,opponent__passes__accurate_long_balls,benfica__passes__accurate_crosses,opponent__passes__accurate_crosses,benfica__passes__throws,opponent__passes__throws,benfica__passes__touches_in_opposition_box,opponent__passes__touches_in_opposition_box,benfica__passes__offsides,opponent__passes__offsides,benfica__defence__defence,opponent__defence__defence,benfica__defence__tackles,opponent__defence__tackles,benfica__defence__interceptions,opponent__defence__interceptions,benfica__defence__blocks,opponent__defence__blocks,benfica__defence__clearances,opponent__defence__clearances,benfica__defence__keeper_saves,opponent__defence__keeper_saves,benfica__duels__duels,opponent__duels__duels,benfica__duels__duels_won,opponent__duels__duels_won,benfica__duels__ground_duels_won,opponent__duels__ground_duels_won,benfica__duels__aerial_duels_won,opponent__duels__aerial_duels_won,benfica__duels__successful_dribbles,opponent__duels__successful_dribbles,benfica__discipline__discipline,opponent__discipline__discipline,benfica__discipline__yellow_cards,opponent__discipline__yellow_cards,benfica__discipline__red_cards,opponent__discipline__red_cards,benfica__discipline__fouls_committed,opponent__discipline__fouls_committed
SLB_20250816_A_ESTRELAAMADORA,4844178,2025-08-16,2,Estrela da Amadora,Benfica,Away,Estrela da Amadora,57,43,2.41,1.41,14,15,3,2,24,13,2,3,1,3,287 (79%),207 (75%),3,3,4,5,,,14,15,7,9,3,2,4,4,0,1,9,5,5,10,2.41,1.41,1.5,0.5,0.12,0.91,1.62,1.41,1.78,0.39,365,275,287 (79%),207 (75%),117,116,170,91,30 (48%),29 (52%),4 (36%),3 (33%),24,18,24,13,1,1,,,10,14,4,5,4,4,18,21,2,2,,,45,66,23 (35%),43 (65%),22 (49%),23 (51%),1 (13%),8 (73%),,,3,3,0,0,23,14
SLB_20250823_H_TONDELA,4844182,2025-08-23,3,Benfica,Tondela,Home,Tondela,66,34,2.96,0.47,21,9,12,4,46,13,6,0,4,0,477 (87%),228 (81%),2,2,13,2,,,21,9,5,2,12,4,4,3,1,0,19,6,2,3,2.96,0.47,2.68,0.28,0.28,0.19,2.96,0.47,2.97,0.95,547,282,477 (87%),228 (81%),246,107,231,121,25 (61%),18 (51%),9 (31%),2 (10%),19,16,46,13,1,1,,,13,10,11,6,2,6,17,35,4,7,,,56,40,43 (61%),27 (39%),13 (50%),13 (50%),19 (79%),8 (50%),,,2,2,0,0,10,12
SLB_20250831_A_ALVERCA,4844190,2025-08-31,4,Alverca,Benfica,Away,Alverca,53,47,1.03,0.81,6,11,2,7,20,16,1,1,0,1,441 (89%),368 (88%),4,4,2,5,,,6,11,2,3,2,7,2,1,1,0,4,9,2,2,1.03,0.81,1.03,0.52,0.01,0.28,1.03,0.81,1.26,2.13,493,420,441 (89%),368 (88%),159,229,282,139,20 (51%),23 (56%),3 (25%),3 (14%),12,15,20,16,0,0,,,15,12,8,4,1,2,27,12,6,0,,,45,47,36 (47%),40 (53%),9 (56%),7 (44%),9 (69%),12 (55%),,,4,4,1,0,18,12
SLB_20250912_H_SANTACLARA,4844203,2025-09-12,5,Benfica,Santa Clara,Home,Santa Clara,78,22,1.62,1.02,19,9,7,5,39,12,2,3,1,2,653 (90%),137 (66%),1,1,4,5,,,19,9,7,2,7,5,5,2,0,0,10,6,9,3,1.62,1.02,0.87,0.98,0.75,0.04,1.62,1.02,1.79,0.93,727,209,653 (90%),137 (66%),144,89,509,48,31 (67%),16 (31%),11 (28%),2 (25%),25,17,39,12,2,0,,,17,12,3,10,2,5,11,50,5,6,,,60,47,35 (58%),25 (42%),25 (53%),22 (47%),8 (53%),6 (43%),,,1,1,0,1,8,11
SLB_20250920_A_AVSFUTEBOLSAD,4844206,2025-09-20,6,AVS Futebol SAD,Benfica,Away,AVS Futebol SAD,63,37,2.4,0.88,19,8,6,1,44,16,5,1,2,1,473 (89%),234 (77%),1,1,1,2,,,19,8,6,5,6,1,7,2,0,1,12,6,7,2,2.4,0.88,1.47,0.84,0.14,0.04,1.61,0.88,2.29,0.1,530,303,473 (89%),234 (77%),225,140,248,94,31 (60%),25 (49%),4 (40%),5 (29%),17,18,44,16,3,0,,,20,25,10,5,2,7,29,18,1,2,,,66,69,43 (47%),49 (53%),23 (53%),20 (47%),6 (32%),15 (60%),,,1,1,0,0,11,17
SLB_20250923_H_RIOAVE,4844163,2025-09-23,1,Benfica,Rio Ave,Home,Rio Ave,69,31,2.57,0.16,19,4,7,2,53,13,4,0,3,0,480 (87%),187 (72%),3,3,11,2,,,19,4,6,1,7,2,6,1,0,0,15,3,4,1,2.57,0.16,2.2,0.16,0.38,0.0,2.57,0.16,2.27,0.89,552,259,480 (87%),187 (72%),167,130,313,57,24 (75%),20 (38%),8 (21%),3 (50%),31,15,53,13,2,0,,,25,24,9,9,1,6,8,66,1,6,,,65,63,52 (53%),46 (47%),13 (43%),17 (57%),11 (52%),9 (35%),,,3,3,0,0,16,17
SLB_20250926_H_GILVICENTE,4844221,2025-09-26,7,Benfica,Gil Vicente,Home,Gil Vicente,47,53,1.27,1.26,10,16,4,7,18,19,1,2,0,2,280 (77%),313 (79%),3,2,0,7,,,10,16,6,6,4,7,0,3,0,2,4,9,6,7,1.27,1.26,0.39,0.87,0.1,0.39,0.49,1.26,1.17,1.59,362,398,280 (77%),313 (79%),164,173,116,140,23 (43%),28 (50%),0 (0%),7 (29%),23,22,18,19,0,2,,,15,29,7,4,3,0,32,14,6,2,,,83,69,51 (48%),55 (52%),32 (70%),14 (30%),17 (57%),13 (59%),,,3,2,0,1,14,20
SLB_20251005_A_FCPORTO,4844232,2025-10-05,8,FC Porto,Benfica,Away,FC Porto,49,51,0.12,0.68,4,8,1,2,11,28,0,1,0,1,334 (80%),366 (85%),2,6,3,3,,,4,8,2,4,1,2,1,2,1,1,2,6,2,2,0.12,0.68,0.02,0.68,0.1,0.0,0.12,0.68,0.33,0.61,417,430,334 (80%),366 (85%),197,214,137,152,24 (40%),19 (61%),1 (10%),5 (26%),11,24,11,28,0,0,,,18,11,7,8,2,1,28,10,2,1,,,50,33,43 (66%),22 (34%),7 (39%),11 (61%),11 (61%),5 (38%),,,2,6,0,0,6,15
SLB_20251025_H_AROUCA,4844240,2025-10-25,9,Benfica,Arouca,Home,Arouca,53,47,3.84,0.44,17,5,8,0,46,4,5,0,1,0,398 (85%),330 (81%),2,2,9,1,,,17,5,7,4,8,0,2,1,2,0,14,2,3,3,3.84,0.44,1.05,0.44,0.42,0.0,1.48,0.44,4.55,0.0,466,406,398 (85%),330 (81%),229,220,169,110,38 (73%),19 (45%),4 (22%),1 (10%),6,26,46,4,4,1,,,13,16,12,8,1,2,9,20,0,3,,,55,39,42 (55%),35 (45%),13 (76%),4 (24%),12 (63%),6 (43%),,,2,2,0,0,13,18
SLB_20251101_A_VITORIAGUIMARAES,4844250,2025-11-01,10,Vitoria de Guimaraes,Benfica,Away,Vitoria de Guimaraes,66,34,2.13,0.43,24,10,10,3,37,8,6,0,4,0,498 (90%),216 (77%),4,3,6,3,,,24,10,8,4,10,3,6,3,0,0,13,4,11,6,2.13,0.43,1.62,0.2,0.5,0.23,2.13,0.43,2.52,0.07,552,279,498 (90%),216 (77%),215,134,283,82,30 (60%),30 (55%),6 (35%),1 (14%),19,15,37,8,0,1,,,9,15,8,10,3,6,10,16,3,7,,,47,42,36 (53%),32 (47%),11 (52%),10 (48%),15 (60%),6 (55%),,,4,3,0,1,11,12
SLB_20251109_H_CASAPIA,4844257,2025-11-09,11,Benfica,Casa Pia AC,Home,Casa Pia AC,66,34,2.22,1.21,19,7,6,4,35,7,3,3,1,2,489 (87%),224 (77%),3,2,6,2,,,19,7,7,0,6,4,6,3,1,0,10,4,9,3,2.22,1.21,0.83,0.37,0.6,0.05,1.43,0.43,2.6,1.67,562,292,489 (87%),224 (77%),152,162,337,62,29 (60%),20 (44%),3 (17%),2 (29%),21,15,35,7,5,1,,,14,15,6,4,2,5,8,33,3,4,,,39,40,27 (50%),27 (50%),12 (48%),13 (52%),7 (44%),7 (47%),,,3,2,0,0,8,8
SLB_20251129_A_NACIONAL,4844268,2025-11-29,12,Nacional,Benfica,Away,Nacional,70,30,2.4,0.39,30,6,8,2,62,4,3,1,2,0,503 (85%),177 (67%),2,4,11,2,,,30,6,12,3,8,2,10,1,0,0,17,2,13,4,2.4,0.39,1.95,0.37,0.46,0.02,2.4,0.39,2.62,0.95,595,265,503 (85%),177 (67%),147,100,356,77,19 (48%),20 (31%),10 (28%),0 (0%),33,8,62,4,1,0,,,12,13,6,9,1,10,14,55,1,6,,,63,47,40 (60%),27 (40%),23 (53%),20 (47%),18 (75%),8 (53%),,,2,4,0,0,8,10
SLB_20251205_H_SPORTINGCP,4844273,2025-12-05,13,Benfica,Sporting CP,Home,Sporting CP,41,59,0.92,0.58,10,5,4,2,13,9,1,1,0,0,295 (83%),454 (87%),2,5,3,2,,,10,5,5,2,4,2,1,1,0,0,5,3,5,2,0.92,0.58,0.82,0.58,0.1,0.0,0.92,0.58,1.54,0.62,355,521,295 (83%),454 (87%),176,301,119,153,12 (39%),18 (56%),3 (23%),2 (22%),16,17,13,9,2,1,,,25,19,11,8,1,1,14,16,1,3,,,62,52,48 (53%),43 (47%),14 (61%),9 (39%),4 (29%),9 (38%),,,2,5,1,0,15,20
SLB_20251214_A_MOREIRENSE,4844285,2025-12-14,14,Moreirense,Benfica,Away,Moreirense,47,53,1.0,0.51,10,10,5,2,24,9,3,0,1,0,410 (86%),459 (87%),0,2,4,4,,,10,10,2,2,5,2,3,6,0,0,8,5,2,5,1.0,0.51,0.9,0.25,0.1,0.26,1.0,0.51,2.09,0.16,475,530,410 (86%),459 (87%),238,315,172,144,19 (43%),23 (50%),2 (25%),2 (14%),13,12,24,9,1,0,,,16,15,10,2,6,3,15,22,2,1,,,58,42,48 (59%),33 (41%),10 (53%),9 (47%),15 (75%),3 (23%),,,0,2,0,0,15,19
SLB_20251222_H_FAMALICAO,4844291,2025-12-22,15,Benfica,Famalicao,Home,Famalicao,55,45,1.28,0.21,10,4,6,2,19,13,1,0,0,0,443 (85%),362 (85%),0,1,5,2,,,10,4,2,1,6,2,2,1,0,0,7,2,3,2,1.28,0.21,0.43,0.21,0.06,0.0,0.49,0.21,1.98,0.43,521,428,443 (85%),362 (85%),238,209,205,153,23 (46%),27 (52%),5 (33%),1 (7%),18,26,19,13,1,0,,,23,15,6,16,0,2,23,17,2,5,,,68,46,57 (64%),32 (36%),11 (44%),14 (56%),15 (65%),7 (35%),,,0,1,0,0,11,20
SLB_20251228_A_BRAGA,4844304,2025-12-28,16,Braga,Benfica,Away,Braga,51,49,1.23,1.7,14,11,6,3,22,15,3,3,2,1,410 (82%),408 (84%),2,2,5,1,,,14,11,7,4,6,3,1,4,0,0,10,6,4,5,1.23,1.7,0.83,0.5,0.4,0.41,1.23,0.91,2.19,2.24,500,488,410 (82%),408 (84%),227,227,183,181,23 (52%),5 (14%),6 (43%),1 (11%),19,20,22,15,1,1,,,16,10,8,13,3,1,7,12,1,4,,,56,40,37 (59%),26 (41%),19 (58%),14 (42%),9 (60%),10 (50%),,,2,2,0,1,9,14
SLB_20260103_H_ESTORIL,4844309,2026-01-03,17,Benfica,Estoril,Home,Estoril,51,49,2.27,0.71,20,9,3,4,29,18,3,2,0,2,338 (81%),336 (83%),0,2,7,3,,,20,9,7,3,3,4,10,2,0,0,13,6,7,3,2.27,0.71,1.01,0.66,0.47,0.05,1.48,0.71,1.88,1.69,415,403,338 (81%),336 (83%),153,204,185,132,19 (45%),19 (48%),4 (27%),1 (11%),11,10,29,18,2,0,,,20,15,8,14,2,10,13,27,3,0,,,57,54,44 (53%),39 (47%),13 (46%),15 (54%),11 (52%),12 (43%),,,0,2,0,0,12,15
SLB_20260117_A_RIOAVE,4844316,2026-01-17,18,Rio Ave,Benfica,Away,Rio Ave,63,37,1.78,0.2,24,7,8,1,48,7,4,0,3,0,540 (90%),289 (82%),2,1,11,3,,,24,7,11,2,8,1,5,4,1,1,15,3,9,4,1.78,0.2,1.09,0.16,0.69,0.03,1.78,0.2,0.92,0.5,599,351,540 (90%),289 (82%),215,204,325,85,23 (59%),22 (48%),8 (30%),2 (18%),16,22,48,7,0,2,,,19,16,10,6,4,7,12,33,1,5,,,48,36,41 (59%),28 (41%),7 (47%),8 (53%),11 (69%),5 (33%),,,2,1,0,0,8,12
SLB_20260125_H_ESTRELAAMADORA,4844331,2026-01-25,19,Benfica,Estrela da Amadora,Home,Estrela da Amadora,66,34,2.53,0.13,15,3,8,1,33,4,3,1,1,1,407 (88%),177 (72%),3,4,6,1,,,15,3,6,2,8,1,1,0,0,0,12,1,3,2,2.53,0.13,1.54,0.09,0.2,0.04,1.75,0.13,3.12,0.0,465,245,407 (88%),177 (72%),187,113,220,64,18 (53%),16 (37%),5 (18%),0 (0%),19,11,33,4,1,1,,,18,25,4,17,1,1,7,28,0,4,,,68,55,51 (55%),41 (45%),17 (55%),14 (45%),11 (50%),7 (44%),,,3,4,0,0,10,24
SLB_20260201_A_TONDELA,4844335,2026-02-01,20,Tondela,Benfica,Away,Tondela,77,23,2.1,0.48,24,6,8,1,59,11,4,1,4,1,501 (84%),112 (63%),0,5,13,1,,,24,6,9,5,8,1,7,0,0,1,15,2,9,4,2.1,0.48,1.77,0.43,0.33,0.05,2.1,0.48,2.31,0.02,593,177,501 (84%),112 (63%),180,49,321,63,20 (45%),20 (36%),8 (19%),4 (25%),35,18,59,11,0,0,,,14,25,6,9,0,7,14,61,1,9,,,59,51,43 (52%),39 (48%),16 (57%),12 (43%),10 (38%),9 (60%),,,0,5,0,0,5,19
SLB_20260208_H_ALVERCA,4844343,2026-02-08,21,Benfica,Alverca,Home,Alverca,63,37,1.97,1.14,29,6,10,2,50,9,2,2,1,1,385 (85%),201 (72%),3,2,9,1,,,29,6,9,2,10,2,10,2,1,0,17,4,12,2,1.97,1.14,1.58,0.67,0.39,0.47,1.97,1.14,3.17,0.49,454,280,385 (85%),201 (72%),133,130,252,71,16 (46%),29 (46%),7 (21%),2 (33%),20,19,50,9,2,0,,,21,18,5,12,2,10,13,44,1,8,,,61,59,44 (55%),36 (45%),17 (43%),23 (58%),6 (38%),8 (35%),,,3,2,0,0,11,18
SLB_20260213_A_SANTACLARA,4844356,2026-02-13,22,Santa Clara,Benfica,Away,Santa Clara,47,53,1.19,0.28,10,9,3,2,31,13,3,0,2,0,298 (77%),350 (80%),2,4,7,1,,,10,9,4,1,3,2,3,6,0,0,7,2,3,7,1.19,0.28,1.01,0.14,0.18,0.14,1.19,0.28,2.02,0.11,385,440,298 (77%),350 (80%),147,206,151,144,16 (36%),32 (50%),3 (19%),1 (8%),27,25,31,13,1,0,,,20,28,14,11,6,3,18,32,1,2,,,66,59,47 (53%),42 (47%),19 (53%),17 (47%),6 (38%),9 (53%),,,2,4,0,1,5,23
SLB_20260221_H_AVSFUTEBOLSAD,4844359,2026-02-21,23,Benfica,AVS Futebol SAD,Home,AVS Futebol SAD,65,35,3.69,0.11,22,3,9,0,48,8,5,0,4,0,471 (87%),200 (69%),0,0,10,1,,,22,3,7,2,9,0,6,1,1,0,14,2,8,1,3.69,0.11,3.41,0.08,0.28,0.03,3.69,0.11,3.73,0.0,539,289,471 (87%),200 (69%),169,120,302,80,25 (66%),20 (38%),9 (28%),2 (13%),18,22,48,8,4,0,,,10,25,6,7,1,5,19,42,0,6,,,47,55,29 (42%),40 (58%),18 (55%),15 (45%),6 (29%),8 (62%),,,0,0,0,0,7,14
SLB_20260302_A_GILVICENTE,4844374,2026-03-02,24,Gil Vicente,Benfica,Away,Gil Vicente,51,49,0.75,0.88,10,13,3,5,32,17,1,1,1,0,308 (76%),309 (81%),3,2,3,5,,,10,13,5,7,3,5,2,1,1,1,6,5,4,8,0.75,0.88,0.68,0.28,0.07,0.6,0.75,0.88,0.84,1.26,404,383,308 (76%),309 (81%),168,203,140,106,19 (38%),24 (48%),3 (27%),5 (29%),24,18,32,17,0,2,,,11,17,6,14,1,2,16,31,4,1,,,58,60,35 (44%),44 (56%),23 (59%),16 (41%),9 (53%),17 (68%),,,3,2,0,0,12,16
SLB_20260308_H_FCPORTO,4844385,2026-03-08,25,Benfica,FC Porto,Home,FC Porto,60,40,1.23,2.12,20,14,6,6,37,19,2,3,0,1,364 (82%),237 (76%),3,7,8,2,,,20,14,5,4,6,6,9,4,1,0,12,7,8,7,1.23,2.12,1.06,2.04,0.17,0.09,1.23,2.12,1.79,2.25,444,313,364 (82%),237 (76%),163,152,201,85,14 (39%),14 (30%),5 (17%),3 (43%),20,17,37,19,0,1,,,20,24,7,17,4,9,10,44,4,5,,,61,55,48 (52%),45 (48%),13 (57%),10 (43%),12 (50%),10 (59%),,,3,7,0,0,11,17
SLB_20260314_A_AROUCA,4844393,2026-03-14,26,Arouca,Benfica,Away,Arouca,61,39,2.1,2.4,22,12,5,6,49,14,4,4,2,3,373 (84%),226 (76%),6,5,15,2,,,22,12,9,3,5,6,8,3,0,0,17,10,5,2,2.1,2.4,0.94,1.61,1.16,0.0,2.1,1.61,1.38,3.0,445,296,373 (84%),226 (76%),206,169,167,57,26 (53%),13 (31%),11 (33%),7 (64%),22,13,49,14,5,0,,,18,13,8,7,2,8,11,31,5,3,,,59,41,45 (60%),30 (40%),14 (56%),11 (44%),11 (58%),7 (44%),,,6,5,1,1,11,17
SLB_20260321_H_VITORIAGUIMARAES,4844403,2026-03-21,27,Benfica,Vitoria de Guimaraes,Home,Vitoria de Guimaraes,49,51,2.34,0.75,12,16,4,2,25,10,6,1,4,1,383 (85%),409 (89%),0,1,4,8,,,12,16,5,9,4,2,3,5,0,0,9,7,3,9,2.34,0.75,2.28,0.61,0.06,0.14,2.34,0.75,0.9,0.14,448,460,383 (85%),409 (89%),225,252,158,157,16 (43%),22 (61%),1 (9%),6 (32%),16,15,25,10,0,1,,,18,18,8,9,5,2,21,18,2,2,,,41,44,38 (51%),36 (49%),3 (27%),8 (73%),5 (36%),4 (29%),,,0,1,0,0,15,15
SLB_20260406_A_CASAPIA,4844410,2026-04-06,28,Casa Pia AC,Benfica,Away,Casa Pia AC,79,21,1.93,0.29,18,8,3,2,44,10,4,2,3,1,522 (86%),72 (45%),0,1,12,3,,,18,8,9,3,3,2,6,3,1,0,12,7,6,1,1.93,0.29,1.51,0.13,0.43,0.16,1.93,0.29,1.37,0.62,605,159,522 (86%),72 (45%),230,27,292,45,17 (49%),18 (34%),5 (18%),0 (0%),27,18,44,10,2,0,,,15,13,4,10,3,6,25,46,1,2,,,60,46,41 (63%),24 (37%),19 (46%),22 (54%),7 (58%),3 (27%),,,0,1,0,0,10,19
SLB_20260412_H_NACIONAL,4844421,2026-04-12,29,Benfica,Nacional,Home,Nacional,58,42,3.43,0.25,24,7,8,4,57,5,5,0,3,0,403 (86%),286 (81%),1,5,15,1,,,24,7,8,2,8,4,8,1,1,0,20,2,4,5,3.43,0.25,1.9,0.15,0.74,0.1,2.64,0.25,2.91,0.64,466,355,403 (86%),286 (81%),180,181,223,105,27 (63%),28 (42%),9 (33%),2 (40%),19,7,57,5,3,2,,,13,25,7,6,1,7,9,39,4,6,,,58,62,44 (49%),46 (51%),14 (47%),16 (53%),12 (44%),9 (50%),,,1,5,0,0,13,18
SLB_20260419_A_SPORTINGCP,4844426,2026-04-19,30,Sporting CP,Benfica,Away,Sporting CP,39,61,2.27,1.63,14,19,5,6,24,30,4,2,2,1,227 (75%),419 (85%),1,2,8,3,,,14,19,5,9,5,6,4,4,0,2,9,12,5,7,2.27,1.63,1.17,0.72,0.32,0.12,1.49,0.84,2.36,1.82,303,491,227 (75%),419 (85%),79,180,148,239,17 (33%),22 (50%),6 (38%),4 (33%),14,22,24,30,1,1,,,20,20,9,3,4,3,17,14,5,3,,,47,60,37 (46%),43 (54%),10 (37%),17 (63%),6 (33%),15 (56%),,,1,2,0,0,8,13
SLB_20260425_H_MOREIRENSE,4844438,2026-04-25,31,Benfica,Moreirense,Home,Moreirense,58,42,1.99,0.89,17,8,8,4,36,10,4,2,2,1,409 (84%),283 (79%),2,2,9,2,,,17,8,5,3,8,4,4,1,2,0,14,6,3,2,1.99,0.89,1.58,0.38,0.42,0.52,1.99,0.89,3.86,1.35,485,359,409 (84%),283 (79%),231,173,178,110,30 (60%),19 (33%),6 (43%),3 (50%),20,20,36,10,2,0,,,13,12,9,12,1,4,13,26,3,4,,,51,41,38 (56%),30 (44%),13 (54%),11 (46%),11 (65%),6 (43%),,,2,2,0,0,13,14
SLB_20260502_A_FAMALICAO,4844444,2026-05-02,32,Famalicao,Benfica,Away,Famalicao,43,57,1.29,1.58,8,15,3,5,18,22,2,3,1,2,248 (78%),348 (87%),2,2,4,6,,,8,15,3,7,3,5,2,3,0,1,7,11,1,4,1.29,1.58,0.37,0.83,0.13,0.75,0.5,1.58,0.8,1.22,318,401,248 (78%),348 (87%),132,168,116,180,17 (40%),16 (48%),1 (17%),10 (34%),20,19,18,22,1,0,,,17,16,10,8,3,3,23,31,3,0,,,61,47,47 (58%),34 (42%),14 (52%),13 (48%),10 (56%),4 (33%),,,2,2,1,0,14,20
SLB_20260511_H_BRAGA,4844457,2026-05-11,33,Benfica,Braga,Home,Braga,52,48,2.91,0.2,24,5,8,2,49,12,3,1,1,0,386 (82%),353 (80%),1,4,8,2,,,24,5,8,1,8,2,8,2,0,0,16,2,8,3,2.91,0.2,1.09,0.2,1.03,0.0,2.12,0.2,2.84,0.85,473,442,386 (82%),353 (80%),168,182,218,171,23 (58%),17 (35%),6 (38%),2 (67%),28,21,49,12,2,1,,,16,17,9,8,2,8,7,25,0,6,,,61,42,42 (55%),34 (45%),19 (70%),8 (30%),15 (63%),11 (50%),,,1,4,0,0,6,11
SLB_20260516_A_ESTORIL,4844462,2026-05-16,34,Estoril,Benfica,Away,Estoril,52,48,4.15,1.52,19,16,8,6,56,21,6,1,4,1,393 (85%),356 (83%),2,3,9,2,,,19,16,7,8,8,6,4,2,0,0,15,12,4,4,4.15,1.52,2.7,1.5,1.45,0.02,4.15,1.52,2.16,0.88,464,430,393 (85%),356 (83%),174,194,219,162,15 (44%),15 (41%),6 (30%),5 (45%),17,15,56,21,2,1,,,16,15,7,10,2,5,9,28,5,4,,,43,40,31 (47%),35 (53%),12 (71%),5 (29%),8 (50%),9 (50%),,,2,3,0,0,12,9
