benfica_match_id,event_id,date,competition,season,round,venue,opponent,home_team,away_team,benfica__attack__big_chances_missed,benfica__attack__big_chances_scored,benfica__attack__fouled_in_final_third,benfica__attack__offsides,benfica__attack__through_balls,benfica__attack__touches_in_penalty_area,benfica__defending__clearances,benfica__defending__errors_lead_to_a_goal,benfica__defending__errors_lead_to_a_shot,benfica__defending__interceptions,benfica__defending__recoveries,benfica__defending__tackles_won,benfica__defending__total_tackles,benfica__duels__aerial_duels,benfica__duels__dispossessed,benfica__duels__dribbles,benfica__duels__duels,benfica__duels__ground_duels,benfica__goalkeeping__big_saves,benfica__goalkeeping__goal_kicks,benfica__goalkeeping__goals_prevented,benfica__goalkeeping__high_claims,benfica__goalkeeping__penalty_saves,benfica__goalkeeping__punches,benfica__goalkeeping__total_saves,benfica__match_overview__ball_possession,benfica__match_overview__big_chances,benfica__match_overview__corner_kicks,benfica__match_overview__distance_covered,benfica__match_overview__expected_goals,benfica__match_overview__fouls,benfica__match_overview__free_kicks,benfica__match_overview__goalkeeper_saves,benfica__match_overview__number_of_sprints,benfica__match_overview__passes,benfica__match_overview__red_cards,benfica__match_overview__tackles,benfica__match_overview__total_shots,benfica__match_overview__yellow_cards,benfica__passes__accurate_passes,benfica__passes__crosses,benfica__passes__final_third_entries,benfica__passes__final_third_phase,benfica__passes__long_balls,benfica__passes__throw_ins,benfica__shots__blocked_shots,benfica__shots__hit_woodwork,benfica__shots__shots_inside_box,benfica__shots__shots_off_target,benfica__shots__shots_on_target,benfica__shots__shots_outside_box,benfica__shots__total_shots,opponent__attack__big_chances_missed,opponent__attack__big_chances_scored,opponent__attack__fouled_in_final_third,opponent__attack__offsides,opponent__attack__through_balls,opponent__attack__touches_in_penalty_area,opponent__defending__clearances,opponent__defending__errors_lead_to_a_goal,opponent__defending__errors_lead_to_a_shot,opponent__defending__interceptions,opponent__defending__recoveries,opponent__defending__tackles_won,opponent__defending__total_tackles,opponent__duels__aerial_duels,opponent__duels__dispossessed,opponent__duels__dribbles,opponent__duels__duels,opponent__duels__ground_duels,opponent__goalkeeping__big_saves,opponent__goalkeeping__goal_kicks,opponent__goalkeeping__goals_prevented,opponent__goalkeeping__high_claims,opponent__goalkeeping__penalty_saves,opponent__goalkeeping__punches,opponent__goalkeeping__total_saves,opponent__match_overview__ball_possession,opponent__match_overview__big_chances,opponent__match_overview__corner_kicks,opponent__match_overview__distance_covered,opponent__match_overview__expected_goals,opponent__match_overview__fouls,opponent__match_overview__free_kicks,opponent__match_overview__goalkeeper_saves,opponent__match_overview__number_of_sprints,opponent__match_overview__passes,opponent__match_overview__red_cards,opponent__match_overview__tackles,opponent__match_overview__total_shots,opponent__match_overview__yellow_cards,opponent__passes__accurate_passes,opponent__passes__crosses,opponent__passes__final_third_entries,opponent__passes__final_third_phase,opponent__passes__long_balls,opponent__passes__throw_ins,opponent__shots__blocked_shots,opponent__shots__hit_woodwork,opponent__shots__shots_inside_box,opponent__shots__shots_off_target,opponent__shots__shots_on_target,opponent__shots__shots_outside_box,opponent__shots__total_shots
,14241230,2025-08-06,"UEFA Champions League, Qualification",UEFA Champions League 25/26,3.0,Away,Nice,Nice,Benfica,2.0,1.0,1,3.0,,21,28,,0.0,13,44,83%,23,10/18 (56%),8,8/12 (67%),52%,40/78 (51%),0.0,11,,0.0,,,2,53%,3.0,5,,,14,9,2,,488,,23,13,1.0,419,4/11 (36%),52,82/113 (73%),24/53 (45%),12,4,0,9,3,6,4,13,1.0,0.0,2,1.0,,15,14,,2.0,10,41,42%,12,8/18 (44%),9,12/26 (46%),48%,38/78 (49%),2.0,6,,2.0,,,4,47%,1.0,4,,,9,14,4,,434,,12,12,3.0,377,0/10 (0%),35,77/101 (76%),18/36 (50%),20,3,0,5,7,2,7,12
,14241253,2025-08-12,"UEFA Champions League, Qualification",UEFA Champions League 25/26,3.0,Home,Nice,Benfica,Nice,1.0,1.0,1,2.0,2.0,45,30,,1.0,8,45,69%,16,17/26 (65%),8,3/10 (30%),58%,32/59 (54%),,8,,2.0,,1.0,0,58%,2.0,6,,,9,13,0,,536,,16,21,1.0,469,6/12 (50%),51,99/133 (74%),33/56 (59%),18,8,1,14,8,5,7,21,0.0,0.0,4,2.0,0.0,17,20,,0.0,10,43,67%,15,9/26 (35%),6,4/14 (29%),42%,27/59 (46%),,7,,0.0,,0.0,3,42%,0.0,6,,,13,9,3,,370,,15,9,2.0,298,4/22 (18%),35,72/100 (72%),10/29 (34%),19,5,1,8,4,0,1,9
SLB_20250816_A_ESTRELAAMADORA,14131876,2025-08-16,Liga Portugal Betclic,Liga Portugal 25/26,2.0,Away,CF Estrela Amadora,CF Estrela Amadora,Benfica,1.0,1.0,3,1.0,,24,18,,2.0,4,35,70%,10,22/45 (49%),7,1/8 (13%),41%,23/66 (35%),1.0,12,0.39,1.0,,1.0,2,57%,2.0,4,94.5 km,2.41,23,13,2,144.0,365,,10,14,3.0,287,4/11 (36%),50,68/106 (64%),30/63 (48%),24,4,0,9,7,3,5,14,3.0,0.0,4,1.0,,13,21,,1.0,5,43,86%,14,23/45 (51%),7,8/11 (73%),59%,43/66 (65%),1.0,9,0.78,0.0,,0.0,2,43%,3.0,5,83.3 km,1.41,14,23,2,132.0,275,,14,15,3.0,207,3/9 (33%),42,36/73 (49%),29/56 (52%),18,4,1,5,9,2,10,15
,14348668,2025-08-20,"UEFA Champions League, Playoff Round",UEFA Champions League 25/26,636.0,Away,Fenerbahçe,Fenerbahçe,Benfica,,,1,0.0,,15,24,,,5,42,69%,13,12/27 (44%),5,7/18 (39%),46%,34/73 (47%),1.0,4,,2.0,,,6,47%,,4,,,18,16,6,,403,1.0,13,9,5.0,329,3/10 (30%),52,83/117 (71%),21/47 (45%),21,3,0,3,3,3,6,9,,,2,2.0,,13,15,,,3,49,69%,16,15/27 (56%),8,5/10 (50%),54%,39/73 (53%),2.0,6,,0.0,,,3,53%,,4,,,16,18,3,,451,0.0,16,14,3.0,383,4/22 (18%),45,71/96 (74%),22/47 (47%),12,4,1,4,4,6,10,14
SLB_20250823_H_TONDELA,14131880,2025-08-23,Liga Portugal Betclic,Liga Portugal 25/26,3.0,Home,Tondela,Benfica,Tondela,4.0,2.0,0,1.0,3.0,46,17,,1.0,11,44,54%,13,13/26 (50%),5,19/24 (79%),58%,43/70 (61%),0.0,5,0.95,,,,4,66%,6.0,13,,2.96,10,12,4,,547,,13,21,2.0,477,9/29 (31%),53,123/156 (79%),25/41 (61%),19,4,1,19,5,12,2,21,0.0,0.0,4,1.0,0.0,13,35,,0.0,6,41,70%,10,13/26 (50%),5,8/16 (50%),42%,27/70 (39%),3.0,8,-0.03,,,,7,34%,0.0,2,,0.47,12,10,7,,282,,10,9,2.0,228,2/21 (10%),37,63/78 (81%),18/35 (51%),16,3,0,6,2,4,3,9
,14348673,2025-08-27,"UEFA Champions League, Playoff Round",UEFA Champions League 25/26,636.0,Home,Fenerbahçe,Benfica,Fenerbahçe,3.0,1.0,4,4.0,,33,9,,0.0,9,39,38%,8,22/44 (50%),13,8/20 (40%),46%,34/78 (44%),0.0,6,,1.0,,,0,53%,4.0,4,,,11,20,0,,424,0.0,8,15,2.0,344,6/13 (46%),60,80/121 (66%),24/53 (45%),18,6,0,11,6,3,4,15,1.0,0.0,2,4.0,,10,21,,1.0,7,49,48%,25,22/44 (50%),2,9/15 (60%),54%,44/78 (56%),2.0,5,,1.0,,,2,47%,1.0,1,,,20,11,2,,380,1.0,25,6,4.0,298,3/13 (23%),41,43/67 (64%),23/51 (45%),15,2,1,3,4,0,3,6
SLB_20250831_A_ALVERCA,14131888,2025-08-31,Liga Portugal Betclic,Liga Portugal 25/26,4.0,Away,FC Alverca,FC Alverca,Benfica,0.0,1.0,2,,1.0,20,27,1.0,,8,39,60%,15,9/16 (56%),8,9/13 (69%),49%,36/76 (47%),1.0,4,1.13,1.0,,,6,53%,1.0,2,95.7 km,1.03,18,12,6,141.0,493,1.0,15,6,6.0,441,3/12 (25%),62,156/189 (83%),20/39 (51%),12,2,1,4,2,2,2,6,1.0,0.0,3,,0.0,16,12,1.0,,4,39,75%,12,7/16 (44%),5,12/22 (55%),51%,40/76 (53%),0.0,6,-0.74,0.0,,,0,47%,1.0,5,100.0 km,0.81,12,18,0,146.0,420,0.0,12,11,4.0,368,3/22 (14%),39,76/97 (78%),23/41 (56%),15,1,0,9,3,7,2,11
SLB_20250912_H_SANTACLARA,14131901,2025-09-12,Liga Portugal Betclic,Liga Portugal 25/26,5.0,Home,Santa Clara,Benfica,Santa Clara,1.0,1.0,4,2.0,1.0,39,11,1.0,1.0,3,44,76%,17,25/47 (53%),5,8/15 (53%),56%,35/60 (58%),1.0,3,-0.07,0.0,,0.0,5,78%,2.0,4,93.4 km,1.62,8,11,5,78.0,727,0.0,17,19,1.0,653,11/40 (28%),106,289/338 (86%),31/46 (67%),25,5,0,10,7,7,9,19,2.0,1.0,0,0.0,0.0,12,50,0.0,0.0,10,36,58%,12,22/47 (47%),9,6/14 (43%),44%,25/60 (42%),2.0,14,0.79,1.0,,1.0,6,22%,3.0,5,89.6 km,1.02,11,8,6,70.0,209,1.0,12,9,1.0,137,2/8 (25%),33,12/40 (30%),16/52 (31%),17,2,0,6,2,5,3,9
,14566738,2025-09-16,UEFA Champions League,UEFA Champions League 25/26,1.0,Home,Qarabağ FK,Benfica,Qarabağ FK,0.0,2.0,2,1.0,,28,14,,1.0,9,61,47%,19,10/20 (50%),7,9/18 (50%),49%,33/67 (49%),1.0,5,-0.27,0.0,,,2,53%,2.0,8,119.9 km,1.38,11,6,2,121.0,477,,19,14,,408,1/16 (6%),65,132/173 (76%),32/49 (65%),19,6,1,6,5,3,8,14,1.0,0.0,2,1.0,,24,31,,1.0,10,49,63%,16,10/20 (50%),9,7/17 (41%),51%,34/67 (51%),0.0,13,-0.63,1.0,,,1,47%,1.0,3,119.3 km,1.52,6,11,1,125.0,432,,16,10,,352,2/8 (25%),40,55/84 (65%),21/48 (44%),18,2,1,9,3,5,1,10
SLB_20250920_A_AVSFUTEBOLSAD,14131904,2025-09-20,Liga Portugal Betclic,Liga Portugal 25/26,6.0,Away,AVS - Futebol SAD,AVS - Futebol SAD,Benfica,2.0,3.0,5,3.0,2.0,44,29,,,10,49,30%,20,23/43 (53%),12,6/19 (32%),49%,43/92 (47%),,9,0.1,,,1.0,1,63%,5.0,1,58.5 km,2.4,11,16,1,85.0,530,,20,19,1.0,473,4/10 (40%),59,112/143 (78%),31/52 (60%),17,7,0,12,6,6,7,19,1.0,0.0,1,0.0,0.0,16,18,,,5,44,52%,25,20/43 (47%),10,15/25 (60%),51%,49/92 (53%),,8,-0.71,,,0.0,2,37%,1.0,2,60.0 km,0.88,17,11,2,91.0,303,,25,8,1.0,234,5/17 (29%),42,47/79 (59%),25/51 (49%),18,2,1,6,5,1,2,8
SLB_20250923_H_RIOAVE,14131859,2025-09-23,Liga Portugal Betclic,Liga Portugal 25/26,1.0,Home,Rio Ave,Benfica,Rio Ave,3.0,1.0,5,2.0,1.0,53,8,,,9,49,56%,25,13/30 (43%),14,11/21 (52%),51%,52/98 (53%),,4,-0.11,,,0.0,1,69%,4.0,11,96.1 km,2.57,16,17,1,117.0,552,,25,19,3.0,480,8/38 (21%),74,178/226 (79%),24/32 (75%),31,6,0,15,6,7,4,19,0.0,0.0,1,0.0,0.0,13,66,,,9,46,71%,24,17/30 (57%),8,9/26 (35%),49%,46/98 (47%),,10,1.27,,,1.0,6,31%,0.0,2,89.5 km,0.16,17,16,6,69.0,259,,24,4,3.0,187,3/6 (50%),29,28/55 (51%),20/53 (38%),15,1,0,3,1,2,1,4
SLB_20250926_H_GILVICENTE,14131920,2025-09-26,Liga Portugal Betclic,Liga Portugal 25/26,7.0,Home,Gil Vicente,Benfica,Gil Vicente,0.0,1.0,5,0.0,1.0,18,32,0.0,,7,48,53%,15,32/46 (70%),16,17/30 (57%),55%,51/106 (48%),2.0,12,0.59,,,,6,47%,1.0,0,,1.27,14,19,6,,362,0.0,15,10,3.0,280,0/9 (0%),44,61/94 (65%),23/53 (43%),23,0,0,4,6,4,6,10,2.0,0.0,4,2.0,1.0,19,14,1.0,,4,58,55%,29,14/46 (30%),6,13/22 (59%),45%,55/106 (52%),0.0,9,-0.83,,,,2,53%,2.0,7,,1.26,20,14,2,,398,1.0,29,16,4.0,313,7/24 (29%),56,62/99 (63%),28/56 (50%),22,3,2,9,6,7,7,16
,14566581,2025-09-30,UEFA Champions League,UEFA Champions League 25/26,2.0,Away,Chelsea,Chelsea,Benfica,1.0,,0,2.0,0.0,25,22,,1.0,11,51,76%,17,10/18 (56%),20,14/23 (61%),48%,43/93 (46%),,8,0.17,,,,3,44%,1.0,5,115.7 km,0.85,14,13,3,111.0,402,0.0,17,9,5.0,331,3/11 (27%),33,58/83 (70%),10/34 (29%),20,2,1,7,4,3,2,9,1.0,,3,1.0,1.0,18,20,,1.0,9,53,62%,29,8/18 (44%),10,7/14 (50%),52%,50/93 (54%),,3,0.56,,,,3,56%,1.0,3,109.0 km,0.93,13,14,3,116.0,514,1.0,29,8,4.0,453,3/14 (21%),48,80/108 (74%),22/34 (65%),19,1,0,5,4,3,3,8
SLB_20251005_A_FCPORTO,14131931,2025-10-05,Liga Portugal Betclic,Liga Portugal 25/26,8.0,Away,FC Porto,FC Porto,Benfica,0.0,,3,,0.0,11,28,,2.0,7,41,67%,18,7/18 (39%),4,11/18 (61%),60%,43/65 (66%),,16,0.61,,,0.0,2,49%,0.0,3,100.2 km,0.12,6,15,2,117.0,417,,18,4,2.0,334,1/10 (10%),33,48/74 (65%),24/60 (40%),11,1,1,2,2,1,2,4,1.0,,0,,1.0,28,10,,0.0,8,44,55%,11,11/18 (61%),10,5/13 (38%),40%,22/65 (34%),,2,0.33,,,2.0,1,51%,1.0,3,100.7 km,0.68,15,6,1,193.0,430,,11,8,6.0,366,5/19 (26%),51,77/114 (68%),19/31 (61%),24,2,1,6,4,2,2,8
,14773643,2025-10-17,Taça de Portugal,Taca de Portugal 25/26,3.0,Away,Chaves,Chaves,Benfica,2.0,,1,0.0,1.0,33,18,,1.0,3,37,60%,10,14/25 (56%),10,2/10 (20%),48%,29/65 (45%),0.0,4,,,,0.0,3,62%,2.0,4,,,15,19,3,,570,,10,10,2.0,504,3/10 (30%),57,122/165 (74%),35/57 (61%),18,2,0,6,1,7,4,10,0.0,,1,2.0,0.0,13,27,,1.0,6,38,50%,18,11/25 (44%),6,4/8 (50%),52%,36/65 (55%),4.0,5,,,,1.0,5,38%,0.0,4,,,19,15,5,,330,,18,10,2.0,271,3/15 (20%),39,59/85 (69%),23/47 (49%),14,4,0,5,3,3,5,10
,14566956,2025-10-21,UEFA Champions League,UEFA Champions League 25/26,3.0,Away,Newcastle United,Newcastle United,Benfica,1.0,0.0,1,1.0,0.0,11,18,,,10,47,75%,16,11/27 (41%),8,7/13 (54%),53%,39/67 (58%),3.0,9,0.16,1.0,,1.0,7,48%,1.0,8,108.7 km,0.33,7,16,7,97.0,388,,16,7,1.0,315,1/16 (6%),29,43/65 (66%),20/53 (38%),18,2,1,2,3,2,5,7,3.0,2.0,2,2.0,1.0,38,24,,,10,56,64%,14,16/27 (59%),13,7/10 (70%),47%,28/67 (42%),1.0,7,0.2,1.0,,3.0,2,52%,5.0,12,110.1 km,2.63,16,7,2,120.0,417,,14,19,1.0,352,7/20 (35%),41,79/108 (73%),22/39 (56%),14,5,0,13,4,10,6,19
SLB_20251025_H_AROUCA,14131939,2025-10-25,Liga Portugal Betclic,Liga Portugal 25/26,9.0,Home,FC Arouca,Benfica,FC Arouca,1.0,4.0,5,4.0,,46,9,,1.0,12,58,85%,13,13/17 (76%),9,12/19 (63%),59%,42/77 (55%),0.0,5,0.0,,,,0,53%,5.0,9,,3.84,13,15,0,,466,,13,17,2.0,398,4/18 (22%),55,97/134 (72%),38/52 (73%),6,2,2,14,7,8,3,17,0.0,0.0,2,1.0,,4,20,,0.0,8,42,56%,16,4/17 (24%),5,6/14 (43%),41%,35/77 (45%),1.0,13,-0.45,,,,3,47%,0.0,1,,0.44,18,13,3,,406,,16,5,2.0,330,1/10 (10%),38,52/76 (68%),19/42 (45%),26,1,0,2,4,0,3,5
,14886529,2025-10-29,Taca da Liga,League Cup 25/26,27.0,Home,Tondela,Benfica,Tondela,1.0,2.0,3,1.0,5.0,30,18,0.0,2.0,12,50,77%,13,12/27 (44%),11,11/20 (55%),50%,40/76 (53%),0.0,6,,0.0,,1.0,1,65%,3.0,7,,1.99,6,17,1,,500,,13,11,1.0,419,3/13 (23%),68,85/129 (66%),26/51 (51%),20,1,0,9,4,6,2,11,0.0,0.0,3,2.0,0.0,9,36,2.0,0.0,8,47,85%,20,15/27 (56%),4,2/11 (18%),50%,36/76 (47%),2.0,8,,1.0,,0.0,3,35%,0.0,2,,0.51,10,14,3,,264,,20,8,2.0,183,1/12 (8%),42,41/71 (58%),27/64 (42%),14,4,0,5,3,1,3,8
SLB_20251101_A_VITORIAGUIMARAES,14131949,2025-11-01,Liga Portugal Betclic,Liga Portugal 25/26,10.0,Away,Vitória SC,Vitória SC,Benfica,4.0,2.0,2,0.0,,37,10,,1.0,8,42,44%,9,11/21 (52%),5,15/25 (60%),53%,36/68 (53%),0.0,6,0.07,,,,3,66%,6.0,6,98.4 km,2.13,11,12,3,128.0,552,0.0,9,24,4.0,498,6/17 (35%),81,145/174 (83%),30/50 (60%),19,6,0,13,8,10,11,24,0.0,0.0,2,1.0,,8,16,,0.0,10,39,53%,15,10/21 (48%),4,6/11 (55%),47%,32/68 (47%),1.0,12,-0.48,,,,7,34%,0.0,3,95.2 km,0.43,12,11,7,133.0,279,1.0,15,10,3.0,216,1/7 (14%),29,44/64 (69%),30/55 (55%),15,3,0,4,4,3,6,10
,14566736,2025-11-05,UEFA Champions League,UEFA Champions League 25/26,4.0,Home,Bayer 04 Leverkusen,Benfica,Bayer 04 Leverkusen,3.0,0.0,1,0.0,3.0,46,10,1.0,0.0,14,54,67%,18,13/23 (57%),7,7/20 (35%),52%,34/68 (50%),,4,-0.63,,,,2,53%,3.0,6,122.0 km,1.62,7,9,2,132.0,530,,18,21,2.0,474,7/26 (27%),59,132/164 (80%),30/46 (65%),15,6,2,12,9,6,9,21,1.0,1.0,3,2.0,1.0,15,33,0.0,1.0,6,44,55%,20,10/23 (43%),12,8/14 (57%),48%,34/68 (50%),,16,0.71,,,,5,47%,2.0,0,122.8 km,0.74,9,7,5,105.0,481,,20,7,3.0,424,1/3 (33%),34,47/66 (71%),19/36 (53%),18,1,0,5,3,3,2,7
SLB_20251109_H_CASAPIA,14131956,2025-11-09,Liga Portugal Betclic,Liga Portugal 25/26,11.0,Home,Casa Pia,Benfica,Casa Pia,1.0,2.0,2,5.0,1.0,35,8,2.0,,6,47,50%,14,12/25 (48%),6,7/16 (44%),49%,27/54 (50%),0.0,1,-0.33,,1.0,0.0,3,66%,3.0,6,,2.22,8,7,3,,562,,14,19,3.0,489,3/18 (17%),93,177/227 (78%),29/48 (60%),21,6,1,10,7,6,9,19,2.0,1.0,1,1.0,0.0,7,33,0.0,,4,37,40%,15,13/25 (52%),6,7/15 (47%),51%,27/54 (50%),3.0,11,0.6,,0.0,1.0,4,34%,3.0,2,,1.21,8,7,4,,292,,15,7,2.0,224,2/7 (29%),20,19/31 (61%),20/45 (44%),15,3,0,4,0,4,3,7
,14917422,2025-11-21,Taça de Portugal,Taca de Portugal 25/26,4.0,Away,Atletico CP,Atletico CP,Benfica,3.0,1.0,4,0.0,,55,17,,1.0,4,49,70%,10,12/27 (44%),13,5/15 (33%),44%,28/63 (44%),0.0,8,,,0.0,0.0,2,69%,4.0,12,,,7,11,2,,558,,10,26,3.0,478,6/28 (21%),68,141/187 (75%),26/42 (62%),19,12,0,19,8,6,7,26,0.0,0.0,0,3.0,,12,39,,0.0,11,49,57%,23,15/27 (56%),7,8/11 (73%),56%,35/63 (56%),1.0,5,,,1.0,2.0,4,31%,0.0,4,,,13,7,4,,256,,23,8,5.0,181,0/9 (0%),22,20/40 (50%),14/47 (30%),17,3,0,3,3,2,5,8
,14566874,2025-11-25,UEFA Champions League,UEFA Champions League 25/26,5.0,Away,AFC Ajax,AFC Ajax,Benfica,1.0,1.0,1,,1.0,25,31,,0.0,8,39,67%,15,19/30 (63%),7,5/13 (38%),52%,34/71 (48%),0.0,3,0.41,3.0,,,4,38%,2.0,4,119.3 km,1.17,8,15,4,75.0,405,,15,11,1.0,332,4/11 (36%),37,69/95 (73%),19/46 (41%),15,3,0,8,4,4,3,11,2.0,0.0,1,,2.0,17,16,,1.0,6,41,53%,15,11/30 (37%),7,15/23 (65%),48%,37/71 (52%),1.0,6,-0.12,0.0,,,2,62%,2.0,10,116.3 km,0.96,15,8,2,85.0,665,,15,7,1.0,591,3/28 (11%),65,109/145 (75%),33/55 (60%),16,1,0,5,3,3,2,7
SLB_20251129_A_NACIONAL,14131968,2025-11-29,Liga Portugal Betclic,Liga Portugal 25/26,12.0,Away,CD Nacional,CD Nacional,Benfica,2.0,1.0,2,1.0,,62,14,1.0,,6,46,50%,12,23/43 (53%),7,18/24 (75%),57%,40/67 (60%),2.0,5,-0.05,,,0.0,1,70%,3.0,11,116.2 km,2.4,8,10,1,135.0,595,,12,30,2.0,503,10/36 (28%),78,213/272 (78%),19/40 (48%),33,10,0,17,12,8,13,30,0.0,1.0,0,0.0,,4,55,0.0,,9,46,69%,13,20/43 (47%),5,8/15 (53%),43%,27/67 (40%),2.0,17,0.62,,,1.0,6,30%,1.0,2,120.7 km,0.39,10,8,6,158.0,265,,13,6,4.0,177,0/7 (0%),42,39/73 (53%),20/64 (31%),8,1,0,2,3,2,4,6
SLB_20251205_H_SPORTINGCP,14131973,2025-12-05,Liga Portugal Betclic,Liga Portugal 25/26,13.0,Home,Sporting CP,Benfica,Sporting CP,,1.0,2,2.0,,13,14,1.0,1.0,11,42,60%,25,14/23 (61%),9,4/14 (29%),54%,48/91 (53%),,3,-0.38,0.0,,2.0,1,41%,1.0,3,87.1 km,0.92,15,20,1,88.0,355,1.0,25,10,2.0,295,3/13 (23%),34,77/105 (73%),12/31 (39%),16,1,0,5,5,4,5,10,,1.0,1,1.0,,9,16,0.0,1.0,8,48,63%,19,9/23 (39%),10,9/24 (38%),46%,43/91 (47%),,4,0.54,2.0,,0.0,3,59%,1.0,2,71.6 km,0.58,20,15,3,63.0,521,0.0,19,5,5.0,454,2/9 (22%),37,70/93 (75%),18/32 (56%),17,1,0,3,2,2,2,5
,14566737,2025-12-10,UEFA Champions League,UEFA Champions League 25/26,6.0,Home,SSC Napoli,Benfica,SSC Napoli,2.0,1.0,2,4.0,1.0,15,41,,0.0,11,48,69%,13,17/38 (45%),8,3/10 (30%),50%,34/63 (54%),0.0,6,0.18,1.0,,1.0,2,40%,3.0,2,115.3 km,2.22,11,21,2,88.0,357,,13,13,1.0,274,1/4 (25%),41,28/65 (43%),20/61 (33%),15,3,0,10,5,5,3,13,1.0,0.0,0,1.0,0.0,23,17,,1.0,5,37,53%,15,21/38 (55%),3,5/15 (33%),50%,29/63 (46%),2.0,5,0.24,0.0,,0.0,3,60%,1.0,6,116.4 km,0.64,21,11,3,100.0,520,,15,9,2.0,437,9/26 (35%),58,98/138 (71%),20/44 (45%),18,2,0,8,5,2,1,9
SLB_20251214_A_MOREIRENSE,14131986,2025-12-14,Liga Portugal Betclic,Liga Portugal 25/26,14.0,Away,Moreirense,Moreirense,Benfica,1.0,2.0,0,1.0,,24,15,0.0,1.0,10,45,63%,16,10/19 (53%),10,15/20 (75%),58%,48/81 (59%),,3,0.16,,,0.0,2,47%,3.0,4,,1.0,15,19,2,,475,,16,10,0.0,410,2/8 (25%),42,78/106 (74%),19/44 (43%),13,3,0,8,2,5,2,10,0.0,0.0,1,0.0,,9,22,2.0,1.0,2,36,60%,15,9/19 (47%),6,3/13 (23%),42%,33/81 (41%),,6,-1.91,,,1.0,1,53%,0.0,4,,0.51,19,15,1,,530,,15,10,2.0,459,2/14 (14%),38,71/89 (80%),23/46 (50%),12,6,0,5,2,2,5,10
,15150335,2025-12-17,Taça de Portugal,Taca de Portugal 25/26,5.0,Away,SC Farense,SC Farense,Benfica,2.0,1.0,8,1.0,,31,16,,,5,42,77%,22,10/23 (43%),7,4/12 (33%),56%,44/73 (60%),0.0,2,,,,0.0,3,64%,3.0,10,,,11,17,3,,483,,22,13,2.0,390,3/18 (17%),60,116/166 (70%),33/54 (61%),29,3,0,8,5,5,5,13,1.0,0.0,3,0.0,,10,31,,,16,50,87%,15,13/23 (57%),14,2/10 (20%),43%,28/72 (39%),1.0,5,,,,1.0,3,36%,1.0,5,,,18,11,3,,268,,15,9,4.0,193,4/10 (40%),30,23/50 (46%),13/47 (28%),19,2,0,5,4,3,4,9
SLB_20251222_H_FAMALICAO,14288840,2025-12-22,Liga Portugal Betclic,Liga Portugal 25/26,15.0,Home,Famalicão,Benfica,Famalicão,,1.0,5,1.0,,19,23,,1.0,6,51,70%,23,11/25 (44%),7,15/23 (65%),60%,57/89 (64%),0.0,2,0.43,2.0,,,2,55%,1.0,5,,1.28,11,19,2,,521,,23,10,0.0,443,5/15 (33%),52,92/133 (69%),23/50 (46%),18,2,0,7,2,6,3,10,,0.0,0,0.0,,13,17,,1.0,16,47,80%,15,14/25 (56%),10,7/20 (35%),40%,32/89 (36%),1.0,7,0.98,0.0,,,5,45%,0.0,2,,0.21,20,11,5,,428,,15,4,1.0,362,1/14 (7%),52,71/96 (74%),27/52 (52%),26,1,0,2,1,2,2,4
SLB_20251228_A_BRAGA,14288915,2025-12-28,Liga Portugal Betclic,Liga Portugal 25/26,16.0,Away,Sporting Braga,Sporting Braga,Benfica,2.0,1.0,1,1.0,,22,7,1.0,,8,43,69%,16,19/33 (58%),4,9/15 (60%),58%,37/63 (59%),1.0,2,0.24,0.0,,1.0,1,51%,3.0,5,109.2 km,1.23,9,14,1,125.0,500,0.0,16,14,2.0,410,6/14 (43%),40,101/133 (76%),23/44 (52%),19,1,0,10,7,6,4,14,1.0,2.0,2,1.0,,15,12,0.0,,13,39,60%,10,14/33 (42%),6,10/20 (50%),42%,26/63 (41%),1.0,9,0.19,1.0,,0.0,4,49%,3.0,1,116.9 km,1.7,14,8,4,132.0,488,1.0,10,11,4.0,408,1/9 (11%),40,76/107 (71%),5/37 (14%),20,4,0,6,4,3,5,11
SLB_20260103_H_ESTORIL,14288921,2026-01-03,Liga Portugal Betclic,Liga Portugal 25/26,17.0,Home,Estoril Praia,Benfica,Estoril Praia,0.0,3.0,3,2.0,1.0,29,13,0.0,1.0,8,49,70%,20,13/28 (46%),5,11/21 (52%),51%,44/83 (53%),,6,0.69,,,1.0,3,51%,3.0,7,,2.27,12,14,3,,415,,20,20,0.0,338,4/15 (27%),49,81/124 (65%),19/42 (45%),11,10,0,13,7,3,7,20,2.0,0.0,1,0.0,0.0,18,27,2.0,1.0,14,42,67%,15,15/28 (54%),4,12/28 (43%),49%,39/83 (47%),,8,-1.12,,,0.0,0,49%,2.0,3,,0.71,15,12,0,,403,,15,9,2.0,336,1/9 (11%),42,53/80 (66%),19/40 (48%),10,2,0,6,3,4,3,9
,15014414,2026-01-07,Taca da Liga,League Cup 25/26,28.0,Home,Sporting Braga,Benfica,Sporting Braga,1.0,1.0,2,5.0,,21,10,1.0,,8,58,71%,14,11/20 (55%),18,7/17 (41%),44%,33/81 (41%),,2,,,,0.0,2,54%,2.0,2,,,12,12,2,,510,1.0,14,19,3.0,446,4/20 (20%),49,84/107 (79%),20/41 (49%),22,4,0,10,7,8,9,19,2.0,3.0,2,0.0,,7,26,0.0,,11,64,71%,28,9/20 (45%),12,8/10 (80%),56%,48/81 (59%),,7,,,,1.0,7,46%,5.0,0,,,13,12,7,,441,0.0,28,7,4.0,349,1/3 (33%),44,50/80 (63%),20/58 (34%),15,1,0,6,1,5,1,7
,15267916,2026-01-14,Taça de Portugal,Taca de Portugal 25/26,27.0,Away,FC Porto,FC Porto,Benfica,1.0,,2,1.0,1.0,25,27,,1.0,10,43,52%,23,19/36 (53%),5,9/19 (47%),54%,46/85 (54%),1.0,3,,1.0,,1.0,4,53%,1.0,3,,,12,14,4,,416,,23,15,7.0,350,6/20 (30%),56,123/154 (80%),15/40 (38%),27,4,0,9,8,3,6,15,1.0,,1,1.0,0.0,21,26,,1.0,9,43,53%,15,17/36 (47%),8,12/27 (44%),46%,39/85 (46%),0.0,7,,1.0,,1.0,3,47%,1.0,7,,,14,12,3,,363,,15,11,5.0,289,3/17 (18%),39,65/98 (66%),23/48 (48%),23,3,0,6,3,5,5,11
SLB_20260117_A_RIOAVE,14288934,2026-01-17,Liga Portugal Betclic,Liga Portugal 25/26,18.0,Away,Rio Ave,Rio Ave,Benfica,3.0,1.0,1,0.0,,48,12,,0.0,10,55,74%,19,7/15 (47%),11,11/16 (69%),57%,41/69 (59%),,2,0.5,,,,1,63%,4.0,11,105.8 km,1.78,8,12,1,184.0,599,,19,24,2.0,540,8/27 (30%),75,183/223 (82%),23/39 (59%),16,5,1,15,11,8,9,24,0.0,0.0,0,2.0,,7,33,,2.0,6,43,63%,16,8/15 (53%),9,5/15 (33%),43%,28/69 (41%),,12,-1.08,,,,5,37%,0.0,3,108.5 km,0.2,12,8,5,182.0,351,,16,7,1.0,289,2/11 (18%),34,35/56 (63%),22/46 (48%),22,4,1,3,2,1,4,7
,14566765,2026-01-21,UEFA Champions League,UEFA Champions League 25/26,7.0,Away,Juventus,Juventus,Benfica,1.0,0.0,3,0.0,,35,23,,1.0,6,44,40%,25,7/16 (44%),8,11/17 (65%),60%,49/77 (64%),,8,0.09,0.0,,,3,54%,1.0,7,115.1 km,1.44,10,13,3,83.0,497,,25,16,0.0,427,2/19 (11%),44,110/143 (77%),26/49 (53%),11,8,1,8,5,3,8,16,1.0,1.0,3,2.0,,21,28,,1.0,3,46,43%,14,9/16 (56%),12,5/18 (28%),40%,28/77 (36%),,4,0.26,1.0,,,3,46%,2.0,4,115.6 km,1.36,14,10,3,99.0,404,,14,12,2.0,342,4/19 (21%),37,98/117 (84%),23/35 (66%),20,3,1,8,5,4,4,12
SLB_20260125_H_ESTRELAAMADORA,14288958,2026-01-25,Liga Portugal Betclic,Liga Portugal 25/26,19.0,Home,CF Estrela Amadora,Benfica,CF Estrela Amadora,1.0,2.0,6,1.0,,33,7,0.0,1.0,4,43,56%,18,17/31 (55%),14,11/22 (50%),55%,51/92 (55%),0.0,3,0.0,,,,0,66%,3.0,6,,2.53,10,23,0,,465,,18,15,3.0,407,5/28 (18%),56,125/150 (83%),18/34 (53%),19,1,0,12,6,8,3,15,1.0,0.0,2,1.0,,4,28,1.0,0.0,17,46,60%,25,14/31 (45%),9,7/16 (44%),45%,41/92 (45%),1.0,8,-0.88,,,,4,34%,1.0,1,,0.13,24,10,4,,245,,25,3,4.0,177,0/8 (0%),32,27/48 (56%),16/43 (37%),11,1,0,1,2,1,2,3
,14566735,2026-01-28,UEFA Champions League,UEFA Champions League 25/26,8.0,Home,Real Madrid,Benfica,Real Madrid,5.0,3.0,1,1.0,0.0,47,16,,2.0,11,41,59%,22,9/18 (50%),8,6/12 (50%),51%,43/83 (52%),3.0,8,0.23,0.0,,1.0,4,33%,8.0,6,115.1 km,3.01,11,14,4,93.0,294,0.0,22,22,2.0,227,5/12 (42%),28,76/107 (71%),13/33 (39%),15,7,2,20,3,12,2,22,1.0,2.0,2,0.0,1.0,29,19,,1.0,9,44,71%,14,9/18 (50%),5,15/32 (47%),49%,40/83 (48%),2.0,7,-1.73,1.0,,0.0,7,67%,3.0,5,107.5 km,1.5,15,11,7,85.0,610,2.0,14,16,6.0,553,4/13 (31%),67,166/192 (86%),17/36 (47%),13,5,0,12,5,6,4,16
SLB_20260201_A_TONDELA,14288966,2026-02-01,Liga Portugal Betclic,Liga Portugal 25/26,20.0,Away,Tondela,Tondela,Benfica,4.0,,5,,,59,14,,,6,41,71%,14,16/28 (57%),9,10/26 (38%),54%,43/82 (52%),0.0,13,0.02,,,1.0,1,77%,4.0,13,111.4 km,2.1,5,19,1,156.0,593,,14,24,0.0,501,8/42 (19%),76,206/265 (78%),20/44 (45%),35,7,0,15,9,8,9,24,1.0,,1,,,11,61,,,9,49,72%,25,12/28 (43%),8,9/15 (60%),46%,39/82 (48%),4.0,14,2.31,,,4.0,9,23%,1.0,1,118.6 km,0.48,19,5,9,179.0,177,,25,6,5.0,112,4/16 (25%),46,31/61 (51%),20/55 (36%),18,1,1,2,5,1,4,6
SLB_20260208_H_ALVERCA,14288979,2026-02-08,Liga Portugal Betclic,Liga Portugal 25/26,21.0,Home,FC Alverca,Benfica,FC Alverca,1.0,1.0,6,2.0,,50,13,,,5,55,71%,21,17/40 (43%),8,6/16 (38%),51%,44/80 (55%),0.0,3,-0.51,1.0,,0.0,1,63%,2.0,9,,1.97,11,18,1,,454,,21,29,3.0,385,7/34 (21%),72,136/186 (73%),16/35 (46%),20,10,1,17,9,10,12,29,1.0,1.0,2,0.0,,9,44,,,12,38,28%,18,23/40 (57%),6,8/23 (35%),49%,36/80 (45%),3.0,14,1.17,0.0,,2.0,8,37%,2.0,1,,1.14,18,11,8,,280,,18,6,2.0,201,2/6 (33%),38,31/66 (47%),29/63 (46%),19,2,0,4,2,2,2,6
SLB_20260213_A_SANTACLARA,14288997,2026-02-13,Liga Portugal Betclic,Liga Portugal 25/26,22.0,Away,Santa Clara,Santa Clara,Benfica,2.0,1.0,1,1.0,1.0,31,18,1.0,,14,49,35%,20,19/36 (53%),18,6/16 (38%),53%,47/89 (53%),0.0,2,-0.89,1.0,,0.0,1,47%,3.0,7,109.8 km,1.19,5,23,1,140.0,385,0.0,20,10,2.0,298,3/16 (19%),43,80/112 (71%),16/44 (36%),27,3,0,7,4,3,3,10,0.0,0.0,0,0.0,0.0,13,32,0.0,,11,43,54%,28,17/36 (47%),12,9/17 (53%),47%,42/89 (47%),1.0,9,0.02,0.0,,1.0,2,53%,0.0,1,99.6 km,0.28,23,5,2,145.0,440,1.0,28,9,6.0,350,1/12 (8%),62,66/105 (63%),32/64 (50%),25,6,0,2,1,2,7,9
,15452742,2026-02-17,"UEFA Champions League, Knockout stage",UEFA Champions League 25/26,636.0,Home,Real Madrid,Benfica,Real Madrid,0.0,,2,1.0,,23,25,,,7,50,57%,21,7/21 (33%),13,7/13 (54%),50%,35/63 (56%),2.0,9,1.03,1.0,,2.0,6,42%,0.0,3,123.5 km,0.47,6,9,6,93.0,444,,21,10,2.0,355,3/12 (25%),43,125/158 (79%),11/39 (28%),19,3,0,4,4,3,6,10,4.0,,1,1.0,,26,29,,,13,51,58%,19,14/21 (67%),9,4/16 (25%),50%,28/63 (44%),1.0,5,0.17,0.0,,0.0,3,58%,4.0,6,114.7 km,0.89,9,6,3,98.0,624,,19,16,2.0,549,4/14 (29%),78,139/182 (76%),28/55 (51%),13,5,0,11,4,7,5,16
SLB_20260221_H_AVSFUTEBOLSAD,14289000,2026-02-21,Liga Portugal Betclic,Liga Portugal 25/26,23.0,Home,AVS - Futebol SAD,Benfica,AVS - Futebol SAD,4.0,1.0,3,4.0,2.0,48,19,,0.0,6,47,60%,10,18/33 (55%),10,6/21 (29%),46%,29/69 (42%),,4,0.0,1.0,,0.0,0,65%,5.0,10,,3.69,7,14,0,,539,,10,22,,471,9/32 (28%),73,186/227 (82%),25/38 (66%),18,6,1,14,7,9,8,22,0.0,0.0,0,0.0,0.0,8,42,,2.0,7,33,56%,25,15/33 (45%),5,8/13 (62%),54%,40/69 (58%),,14,0.73,1.0,,1.0,6,35%,0.0,1,,0.11,14,7,6,,289,,25,3,,200,2/15 (13%),44,31/66 (47%),20/53 (38%),22,1,0,2,2,0,1,3
,15452752,2026-02-25,"UEFA Champions League, Knockout stage",UEFA Champions League 25/26,636.0,Away,Real Madrid,Real Madrid,Benfica,1.0,1.0,1,0.0,,30,20,1.0,0.0,6,33,44%,16,10/17 (59%),5,10/20 (50%),55%,41/76 (54%),,8,-1.13,0.0,,,2,44%,2.0,7,119.7 km,1.64,10,16,2,100.0,441,,16,12,2.0,381,5/20 (25%),47,69/103 (67%),17/36 (47%),12,5,1,8,3,4,4,12,1.0,1.0,3,2.0,,19,18,1.0,2.0,7,43,40%,15,7/17 (41%),10,11/17 (65%),45%,35/76 (46%),,5,0.33,1.0,,,4,56%,2.0,4,111.0 km,0.98,16,10,4,106.0,573,,15,14,2.0,516,2/10 (20%),54,92/116 (79%),23/46 (50%),9,4,0,10,6,4,4,14
SLB_20260302_A_GILVICENTE,14288810,2026-03-02,Liga Portugal Betclic,Liga Portugal 25/26,24.0,Away,Gil Vicente,Gil Vicente,Benfica,1.0,1.0,1,0.0,,32,16,0.0,,6,48,45%,11,23/39 (59%),9,9/17 (53%),49%,35/79 (44%),3.0,10,0.26,0.0,,,4,51%,1.0,3,102.0 km,0.75,12,16,4,177.0,404,,11,10,3.0,308,3/11 (27%),54,91/149 (61%),19/50 (38%),24,2,1,6,5,3,4,10,0.0,1.0,0,2.0,,17,31,1.0,,14,53,71%,17,16/39 (41%),3,17/25 (68%),51%,44/79 (56%),0.0,9,-1.16,1.0,,,1,49%,1.0,5,100.7 km,0.88,16,12,1,178.0,383,,17,13,2.0,309,5/17 (29%),31,57/88 (65%),24/50 (48%),18,1,1,5,7,5,8,13
SLB_20260308_H_FCPORTO,14288822,2026-03-08,Liga Portugal Betclic,Liga Portugal 25/26,25.0,Home,FC Porto,Benfica,FC Porto,0.0,2.0,4,0.0,0.0,37,10,1.0,,7,49,55%,20,13/23 (57%),12,12/24 (50%),53%,48/93 (52%),2.0,6,0.25,0.0,,0.0,4,60%,2.0,8,86.3 km,1.23,11,17,4,137.0,444,,20,20,3.0,364,5/30 (17%),59,121/158 (77%),14/36 (39%),20,9,1,12,5,6,8,20,1.0,2.0,2,1.0,1.0,19,44,0.0,,17,53,50%,24,10/23 (43%),13,10/17 (59%),47%,45/93 (48%),1.0,6,-0.21,1.0,,3.0,5,40%,3.0,2,49.3 km,2.12,17,11,5,79.0,313,,24,14,7.0,237,3/7 (43%),32,43/67 (64%),14/47 (30%),17,4,0,7,4,6,7,14
SLB_20260314_A_AROUCA,14288830,2026-03-14,Liga Portugal Betclic,Liga Portugal 25/26,26.0,Away,FC Arouca,FC Arouca,Benfica,2.0,2.0,4,5.0,,49,11,,,8,46,56%,18,14/25 (56%),5,11/19 (58%),59%,45/75 (60%),2.0,4,2.0,2.0,,1.0,5,61%,4.0,15,106.5 km,2.1,11,17,5,188.0,445,1.0,18,22,6.0,373,11/33 (33%),67,99/138 (72%),26/49 (53%),22,8,0,17,9,5,5,22,3.0,1.0,2,0.0,,14,31,,,7,39,54%,13,11/25 (44%),9,7/16 (44%),41%,30/75 (40%),1.0,18,-0.62,0.0,,0.0,3,39%,4.0,2,113.7 km,2.4,17,10,3,204.0,296,1.0,13,12,5.0,226,7/11 (64%),36,29/54 (54%),13/42 (31%),13,3,0,10,3,6,2,12
SLB_20260321_H_VITORIAGUIMARAES,14288841,2026-03-21,Liga Portugal Betclic,Liga Portugal 25/26,27.0,Home,Vitória SC,Benfica,Vitória SC,4.0,2.0,2,0.0,1.0,25,21,0.0,0.0,8,39,61%,18,3/11 (27%),9,5/14 (36%),48%,38/74 (51%),2.0,9,0.14,0.0,,1.0,2,49%,6.0,4,,2.34,15,15,2,,448,,18,12,0.0,383,1/11 (9%),45,72/98 (73%),16/37 (43%),16,3,0,9,5,4,3,12,1.0,0.0,1,1.0,1.0,10,18,2.0,1.0,9,47,67%,18,8/11 (73%),8,4/14 (29%),52%,36/74 (49%),1.0,5,-2.1,2.0,,2.0,2,51%,1.0,8,,0.75,15,15,2,,460,,18,16,1.0,409,6/19 (32%),41,64/83 (77%),22/36 (61%),15,5,0,7,9,2,9,16
SLB_20260406_A_CASAPIA,14288848,2026-04-06,Liga Portugal Betclic,Liga Portugal 25/26,28.0,Away,Casa Pia,Casa Pia,Benfica,3.0,1.0,4,2.0,,44,25,,0.0,4,40,47%,15,19/41 (46%),8,7/12 (58%),57%,41/65 (63%),0.0,2,-0.38,2.0,,0.0,1,79%,4.0,12,106.6 km,1.93,10,19,1,172.0,605,,15,18,0.0,522,5/28 (18%),74,151/201 (75%),17/35 (49%),27,6,1,12,9,3,6,18,1.0,1.0,0,0.0,,10,46,,1.0,10,34,46%,13,22/41 (54%),7,3/11 (27%),43%,24/65 (37%),1.0,12,0.37,1.0,,4.0,2,21%,2.0,3,106.5 km,0.29,19,10,2,171.0,159,,13,8,1.0,72,0/11 (0%),37,20/56 (36%),18/53 (34%),18,3,0,7,3,2,1,8
SLB_20260412_H_NACIONAL,14288859,2026-04-12,Liga Portugal Betclic,Liga Portugal 25/26,29.0,Home,CD Nacional,Benfica,CD Nacional,3.0,2.0,5,3.0,1.0,57,9,0.0,0.0,7,45,69%,13,14/30 (47%),10,12/27 (44%),48%,44/90 (49%),0.0,6,0.64,,0.0,,4,58%,5.0,15,89.7 km,3.43,13,17,4,110.0,466,,13,24,1.0,403,9/27 (33%),53,121/165 (73%),27/43 (63%),19,8,1,20,8,8,4,24,0.0,0.0,0,2.0,0.0,5,39,1.0,1.0,6,38,60%,25,16/30 (53%),5,9/18 (50%),52%,46/90 (51%),2.0,11,0.91,,1.0,,6,42%,0.0,1,95.8 km,0.25,18,13,6,91.0,355,,25,7,5.0,286,2/5 (40%),35,37/57 (65%),28/66 (42%),7,1,0,2,2,4,5,7
SLB_20260419_A_SPORTINGCP,14288865,2026-04-19,Liga Portugal Betclic,Liga Portugal 25/26,30.0,Away,Sporting CP,Sporting CP,Benfica,2.0,2.0,2,1.0,0.0,24,17,,1.0,9,43,65%,20,10/27 (37%),8,6/18 (33%),44%,37/80 (46%),3.0,14,0.82,0.0,1.0,1.0,5,39%,4.0,8,97.6 km,2.27,8,12,5,139.0,303,,20,14,1.0,227,6/16 (38%),44,94/132 (71%),17/52 (33%),14,4,0,9,5,5,5,14,1.0,1.0,1,1.0,1.0,30,14,,0.0,3,54,50%,20,17/27 (63%),8,15/27 (56%),56%,43/80 (54%),2.0,8,0.36,1.0,0.0,0.0,3,61%,2.0,3,94.1 km,1.63,13,7,3,153.0,491,,20,19,2.0,419,4/12 (33%),57,130/161 (81%),22/44 (50%),22,4,2,12,9,6,7,19
SLB_20260425_H_MOREIRENSE,14288877,2026-04-25,Liga Portugal Betclic,Liga Portugal 25/26,31.0,Home,Moreirense,Benfica,Moreirense,2.0,2.0,1,2.0,1.0,36,13,1.0,0.0,9,46,38%,13,13/24 (54%),6,11/17 (65%),55%,38/68 (56%),1.0,6,0.35,,,,3,58%,4.0,9,,1.99,13,14,3,,485,,13,17,2.0,409,6/14 (43%),51,71/115 (62%),30/50 (60%),20,4,2,14,5,8,3,17,1.0,1.0,0,0.0,0.0,10,26,1.0,2.0,12,40,50%,12,11/24 (46%),5,6/14 (43%),45%,30/68 (44%),1.0,6,-0.14,,,,4,42%,2.0,2,,0.89,14,13,4,,359,,12,8,2.0,283,3/6 (50%),47,47/77 (61%),19/58 (33%),20,1,0,6,3,4,2,8
SLB_20260502_A_FAMALICAO,14288883,2026-05-02,Liga Portugal Betclic,Liga Portugal 25/26,32.0,Away,Famalicão,Famalicão,Benfica,1.0,1.0,2,1.0,,18,23,,0.0,10,33,71%,17,14/27 (52%),8,10/18 (56%),56%,47/81 (58%),,9,-0.78,,,3.0,3,43%,2.0,4,94.7 km,1.29,14,19,3,202.0,318,1.0,17,8,2.0,248,1/6 (17%),49,50/91 (55%),17/43 (40%),20,2,0,7,3,3,1,8,2.0,1.0,0,0.0,,22,31,,2.0,8,35,44%,16,13/27 (48%),9,4/12 (33%),44%,34/81 (42%),,7,-1.2,,,0.0,0,57%,3.0,6,98.3 km,1.58,20,14,0,192.0,401,0.0,16,15,2.0,348,10/29 (34%),59,99/126 (79%),16/33 (48%),19,3,1,11,7,5,4,15
SLB_20260511_H_BRAGA,14288898,2026-05-11,Liga Portugal Betclic,Liga Portugal 25/26,33.0,Home,Sporting Braga,Benfica,Sporting Braga,1.0,2.0,4,2.0,,49,7,0.0,0.0,9,43,81%,16,19/27 (70%),8,15/24 (63%),59%,42/76 (55%),0.0,5,-1.15,,,,0,52%,3.0,8,94.0 km,2.91,6,10,0,81.0,473,,16,24,1.0,386,6/16 (38%),61,109/156 (70%),23/40 (57%),28,8,0,16,8,8,8,24,0.0,1.0,0,1.0,,12,25,1.0,1.0,8,44,59%,17,8/27 (30%),5,11/22 (50%),41%,34/76 (45%),3.0,12,0.84,,,,6,48%,1.0,2,92.5 km,0.2,11,6,6,78.0,442,,17,5,4.0,353,2/3 (67%),54,82/123 (67%),17/49 (35%),21,2,0,2,1,2,3,5
SLB_20260516_A_ESTORIL,14336198,2026-05-16,Liga Portugal Betclic,Liga Portugal 25/26,34.0,Away,Estoril Praia,Estoril Praia,Benfica,4.0,2.0,2,2.0,,56,9,,0.0,7,53,44%,16,12/17 (71%),7,8/16 (50%),52%,31/66 (47%),0.0,9,-0.12,,,,5,52%,6.0,9,106.1 km,4.15,12,9,5,198.0,464,,16,19,2.0,393,6/20 (30%),63,114/153 (75%),15/34 (44%),17,4,0,15,7,8,4,19,1.0,0.0,1,1.0,,21,28,,4.0,10,53,47%,15,5/17 (29%),7,9/18 (50%),48%,35/66 (53%),2.0,9,-0.84,,,,4,48%,1.0,2,101.9 km,1.52,9,12,4,156.0,430,,15,16,3.0,356,5/11 (45%),42,71/90 (79%),15/37 (41%),15,2,0,12,8,6,4,16
